subject_id,split
1,train
10,train
1000,train
10000,train
10001,test
10002,train
10003,train
10004,val
10005,train
10006,test
10007,test
10008,train
10009,train
10010,val
10011,train
10012,train
10013,train
10014,train
10015,val
10016,train
10017,train
10018,train
10019,train
1002,val
10020,train
10021,train
10022,train
10023,train
10024,train
10025,test
10026,train
10027,test
10028,train
10029,train
1003,train
10030,train
10031,train
10032,train
10033,train
10034,train
10035,train
10036,train
10037,train
10038,train
10039,val
10040,train
10041,train
10042,train
10043,train
10044,train
10045,train
10046,train
10047,test
10048,train
10049,train
1005,train
10050,train
10051,train
10052,train
10053,val
10054,test
10055,train
10056,train
10057,train
10058,train
10059,test
10060,train
10061,train
10062,test
10063,val
10064,train
10065,val
10066,test
10067,train
10068,test
10069,train
1007,train
10070,train
10071,train
10072,train
10073,train
10074,val
10075,test
10076,train
10077,test
10078,train
10079,val
1008,train
10080,val
10081,train
10082,train
10083,train
10084,train
10085,train
10086,train
10087,train
10088,test
10089,val
10090,test
10091,train
10092,train
10093,train
10094,train
10095,train
10096,train
10097,test
10098,train
10099,train
101,val
10100,train
10101,test
10102,test
10103,val
10104,train
10105,test
10106,train
10107,train
10108,test
10109,test
1011,train
10110,train
10111,train
10112,test
10113,val
10114,train
10115,train
10116,train
10117,train
10118,train
10119,train
1012,train
10120,train
10121,train
10122,train
10123,train
10124,val
10125,train
10126,train
10127,train
10128,train
10129,train
10130,train
10131,train
10132,test
10133,train
10134,train
10135,train
10136,val
10137,train
10138,test
10139,test
1014,train
10140,train
10141,test
10142,train
10143,train
10144,train
10145,train
10146,train
10147,train
10148,train
10149,train
1015,train
10150,train
10151,train
10152,test
10153,test
10154,test
10155,test
10156,train
10157,test
10158,val
10159,val
1016,train
10160,train
10161,val
10162,train
10163,train
10164,train
10165,train
10166,train
10167,train
10168,train
10169,test
10170,train
10171,train
10172,train
10173,train
10174,train
10175,train
10176,val
10177,train
1019,train
102,train
1020,train
1021,val
1022,train
1023,train
1024,train
1025,train
1028,train
1029,val
103,train
1030,train
1031,train
1033,train
1034,train
1035,train
1038,train
1039,train
1040,train
1041,train
1045,train
1047,train
1048,train
1049,train
105,val
1050,train
1051,train
1052,train
1054,train
1056,train
1057,train
1058,train
1061,train
1062,train
1064,train
1066,train
1067,train
1068,train
1069,train
107,train
1070,train
1073,train
1074,train
1076,train
1077,train
1078,train
1079,train
1080,train
1083,train
1084,train
1086,train
1087,train
1088,train
1091,val
1092,train
1093,train
1094,train
1095,train
1096,train
1097,train
1098,train
1099,val
11,train
110,train
1100,train
1101,train
1102,train
1103,train
1104,train
1105,train
1106,train
1107,train
1108,train
111,train
1110,train
1111,train
1112,train
1113,train
1114,train
1115,train
1116,train
1118,train
112,train
1121,val
1122,train
1124,train
1125,train
1126,train
1127,train
1128,train
1129,train
113,train
1130,train
1131,train
1132,train
1134,train
1135,train
1137,train
1138,train
1139,train
1141,train
1142,train
1143,train
1145,train
1146,train
1147,val
1148,train
1149,train
115,train
1150,train
1152,train
1153,train
1155,train
1156,train
1158,train
1159,train
116,val
1160,train
1161,train
1163,val
1165,train
1166,train
1167,train
1168,train
1169,train
117,train
1170,train
1171,train
1172,train
1173,train
1174,train
1175,train
1176,train
1177,train
1178,train
1179,train
118,train
1180,train
1181,train
1182,train
1183,train
1186,train
1187,train
1189,train
119,train
1191,train
1192,train
1193,train
1194,train
1195,train
1196,train
1197,train
12,train
1200,train
1202,train
1204,train
1206,train
1207,val
1208,train
1209,train
121,train
1213,train
1214,train
1215,train
1216,train
1217,train
1218,train
1219,train
122,train
1220,train
1221,train
1222,train
1223,train
1224,train
1225,train
1226,train
1227,val
1228,train
123,train
1231,train
1232,val
1233,train
1234,train
1236,train
1237,train
1238,train
1239,train
124,val
1241,train
1242,val
1244,train
1245,val
1246,val
1247,train
1248,train
1250,train
1253,train
1255,train
1256,train
1258,train
1259,train
126,val
1260,train
1261,train
1262,train
1263,train
1264,train
1265,train
1266,train
1267,train
1269,train
127,train
1270,train
1271,train
1272,train
1273,val
1274,train
1275,train
1276,train
1277,train
1278,train
1279,train
128,train
1281,train
1283,train
1284,val
1285,val
1286,train
1287,train
1288,train
1289,train
129,train
1290,train
1292,train
1294,train
1295,train
1296,train
1297,train
1299,train
13,train
130,train
1300,train
1301,train
1303,train
1304,train
1305,train
1307,train
1309,train
131,train
1310,train
1311,val
1312,train
1313,train
1315,train
1316,train
1317,train
1318,train
1319,train
132,train
1322,train
1326,train
1327,train
1328,train
133,train
1330,train
1331,train
1332,val
1333,train
1334,train
1335,train
1336,val
1337,val
1338,train
1339,val
134,train
1340,train
1341,train
1343,train
1344,train
1345,train
1347,train
1348,train
1349,train
135,val
1351,train
1352,train
1354,train
1356,train
1357,val
1358,train
1359,train
136,train
1360,train
1361,val
1362,train
1363,train
1364,train
1365,train
1366,train
1367,train
1368,train
1369,train
137,val
1370,train
1371,train
1372,train
1373,train
1374,train
1375,train
1377,train
1378,train
1379,train
138,train
1380,train
1381,train
1382,train
1383,train
1384,train
1385,train
1387,train
1388,train
1389,train
139,val
1390,val
1391,train
1392,train
1393,train
1394,train
1396,train
1397,train
1398,train
14,train
1400,train
1401,train
1402,val
1404,train
1405,train
1407,train
1408,train
1409,train
141,train
1410,train
1412,train
1413,train
1414,val
1416,train
1417,train
1418,train
1419,train
142,train
1420,train
1421,train
1422,val
1423,train
1424,train
1425,train
1426,train
1427,train
1429,train
143,train
1431,train
1432,val
1433,train
1434,train
1435,val
1436,train
1437,train
1438,train
1439,train
144,train
1441,train
1442,train
1443,train
1445,train
1446,train
1447,train
1448,train
1449,train
145,train
1450,val
1451,val
1452,train
1453,train
1454,train
1456,train
1457,train
1458,train
1459,train
146,train
1463,train
1465,train
1466,train
1467,train
147,train
1470,train
1471,train
1472,train
1473,train
1474,val
1475,train
1476,train
1477,train
1478,train
1479,val
1480,train
1481,val
1482,train
1483,train
1484,train
1486,train
1487,train
1488,train
1489,train
149,train
1490,val
1491,train
1492,train
1493,train
1495,val
1496,train
1499,train
15,train
150,train
1500,train
1501,val
1502,val
1503,train
1504,train
1505,train
1507,train
1508,train
1509,train
151,train
1510,train
1511,train
1512,train
1513,train
1514,train
1515,train
1516,train
1517,train
1518,train
152,train
1521,train
1522,train
1523,train
1524,train
1525,val
1526,val
1527,train
1528,train
153,train
1530,val
1531,train
1533,train
1534,train
1535,train
1537,train
1538,train
1539,train
154,train
1540,val
1541,train
1543,train
1545,train
1546,train
1548,train
1549,train
155,train
1550,train
1551,train
1552,train
1553,train
1554,train
1555,train
1556,train
1557,train
1559,train
156,train
1560,train
1561,train
1563,train
1564,train
1565,train
1566,train
1567,train
1568,train
157,train
1570,train
1571,train
1573,val
1574,val
1575,train
1576,train
1577,train
1578,train
1579,train
1580,train
1581,train
1583,train
1584,val
1585,train
1586,train
1589,train
159,train
1591,train
1592,train
1593,val
1594,train
1595,train
1596,train
1598,train
1599,val
16,train
160,train
1601,train
1602,train
1603,train
1604,train
1605,train
1606,val
1607,train
1608,train
1609,val
161,train
1610,train
1611,train
1612,train
1613,train
1614,train
1616,train
1617,train
1618,train
1619,train
1620,train
1622,train
1623,train
1624,val
1626,train
1628,train
1629,train
163,train
1630,train
1632,train
1633,train
1634,train
1636,train
1638,train
1639,train
164,train
1640,train
1643,train
1644,train
1646,train
1647,val
1648,train
1649,train
165,train
1650,train
1652,train
1654,train
1655,train
1656,train
1657,train
1659,train
166,train
1660,train
1661,train
1662,train
1663,train
1665,train
1666,train
1667,train
1668,train
1669,train
167,train
1670,train
1671,train
1672,train
1674,train
1676,val
1678,train
1679,train
168,train
1680,train
1681,train
1682,train
1683,train
1684,train
1685,val
1686,train
1687,val
1688,train
169,train
1690,val
1691,train
1692,train
1693,train
1694,train
1695,train
1696,train
1699,val
17,train
170,val
1700,train
1701,val
1702,train
1704,val
1705,train
1706,val
1707,train
1709,train
171,train
1710,train
1711,train
1712,train
1714,train
1716,train
1718,train
172,val
1720,train
1721,train
1723,val
1724,train
1725,train
1726,train
1727,train
1728,train
1729,train
1731,train
1733,train
1734,train
1735,train
1736,val
1737,train
1738,train
1739,train
174,train
1741,train
1742,train
1743,train
1744,train
1745,train
1746,train
1747,train
1748,val
1749,train
175,train
1751,train
1752,train
1753,train
1754,train
1756,train
1757,train
1759,train
176,train
1760,train
1761,train
1762,train
1763,train
1764,train
1765,train
1766,train
1767,train
1768,train
1769,train
1770,train
1771,train
1772,train
1773,val
1774,train
1775,train
1776,train
1777,train
1778,train
178,train
1780,train
1781,train
1783,train
1784,train
1785,train
1786,train
1787,train
1788,train
179,val
1790,train
1791,train
1793,train
1795,train
1796,train
1797,train
1798,train
1799,train
180,val
1800,train
1801,train
1802,train
1803,train
1804,train
1805,train
1806,val
1808,train
181,train
1810,train
1811,train
1812,train
1813,train
1814,train
1815,train
1816,train
1817,train
1818,val
1819,train
182,train
1820,train
1821,train
1822,val
1823,train
1824,train
1825,train
1828,train
1829,train
183,train
1830,train
1831,train
1833,train
1834,train
1835,train
1836,train
1837,train
1838,train
1839,train
184,train
1840,train
1842,train
1844,train
1847,train
1848,train
185,val
1850,train
1851,train
1852,train
1853,train
1854,train
1856,train
1857,train
1858,val
186,train
1860,train
1861,train
1862,train
1863,train
1864,train
1865,train
1866,train
1867,val
1868,train
1869,train
187,train
1870,train
1871,train
1872,train
1873,train
1874,val
1875,val
1878,train
1879,train
188,train
1880,train
1883,train
1885,train
1886,train
1887,train
1888,train
1889,val
189,train
1890,train
1892,train
1894,train
1895,train
1896,train
1897,train
1898,train
19,train
1900,train
1902,train
1903,train
1904,train
1907,train
1909,train
191,train
1910,train
1911,train
1912,train
1913,train
1914,train
1915,train
1916,train
1917,train
1918,val
1919,train
1923,train
1924,train
1925,train
1926,train
1928,train
1929,val
1930,train
1933,train
1935,train
1936,train
1937,train
1938,train
1939,train
1940,train
1941,train
1942,train
1943,train
1944,train
1945,train
1946,train
1947,train
1948,train
1949,train
195,train
1950,train
1951,train
1954,train
1955,train
1956,train
1957,train
1958,train
1959,train
196,train
1960,train
1961,train
1962,train
1963,train
1965,train
1966,train
1968,train
1969,train
197,train
1970,val
1972,train
1973,train
1974,train
1975,train
1976,train
1977,train
1979,train
198,train
1980,train
1982,train
1984,train
1985,train
1986,train
1987,train
1988,train
1989,train
199,train
1990,train
1991,train
1993,val
1994,train
1995,train
1996,train
1997,train
1998,train
2,train
20,train
2000,train
2005,train
2006,train
2008,train
2009,train
201,train
2010,train
2011,train
2012,train
2013,train
2014,train
2015,train
2017,train
2018,train
2019,train
202,train
2021,train
2022,train
2024,train
2025,train
2026,train
2028,train
2029,train
203,train
2030,train
2031,val
2032,val
2033,train
2035,train
2038,train
204,train
2040,train
2042,train
2043,train
2046,train
2048,train
2049,train
2050,train
2051,train
2052,train
2053,train
2054,train
2055,val
2056,train
2057,train
2058,train
206,val
2060,train
2061,train
2063,train
2064,train
2065,train
2066,train
2067,train
2068,train
2069,val
207,train
2070,train
2071,train
2072,train
2073,train
2074,train
2075,train
2076,train
2078,train
2079,train
2080,train
2081,train
2082,train
2083,train
2084,train
2085,train
2086,train
2088,val
2090,train
2092,train
2093,train
2095,train
2097,train
2098,train
2099,train
21,train
210,train
2100,train
2101,train
2102,train
2103,val
2104,train
2105,train
2106,train
211,train
2110,val
2111,val
2113,train
2114,train
2116,train
2117,train
2118,val
212,train
2120,train
2121,train
2124,val
2125,train
2126,train
2127,train
2129,train
213,train
2130,train
2131,train
2132,val
2133,train
2134,train
2135,train
2136,train
2137,val
2138,train
2139,train
2140,train
2141,train
2142,train
2143,val
2144,train
2145,train
2146,train
2147,train
2148,train
215,train
2150,train
2151,train
2153,train
2154,train
2155,val
2156,val
2157,train
2158,train
2159,train
216,train
2160,train
2161,train
2168,train
2169,train
2170,train
2171,train
2173,train
2174,train
2175,train
2176,train
2178,train
2179,train
218,train
2181,train
2183,train
2184,train
2185,train
2186,train
2189,train
2190,train
2191,train
2192,train
2193,train
2194,train
2196,train
2197,train
2198,train
2199,val
22,train
220,train
2201,train
2202,train
2204,train
2205,train
2206,train
2207,train
2208,train
2209,train
221,train
2210,train
2212,train
2213,train
2214,train
2215,train
2216,train
2217,val
2218,train
2219,train
222,train
2220,train
2221,train
2222,val
2224,train
2225,train
2227,train
2228,train
2229,train
223,train
2230,train
2231,train
2232,train
2233,val
2234,train
2235,train
2236,train
2238,train
2239,train
224,val
2240,train
2241,train
2242,train
2243,train
2244,train
2245,train
2248,train
2249,train
225,train
2250,train
2251,train
2252,train
2253,train
2254,val
2255,train
2257,train
2258,train
2259,train
226,train
2260,train
2261,train
2262,val
2263,train
2266,val
2267,train
2268,train
2269,train
227,val
2274,train
2275,train
2276,train
2277,train
2280,train
2281,train
2282,train
2285,train
2286,train
2288,train
2290,train
2291,val
2292,train
2293,train
2294,train
2295,train
2296,train
2297,train
2298,train
2299,train
23,train
230,train
2300,train
2301,train
2302,train
2304,train
2305,train
2306,train
2307,train
2309,train
231,train
2310,train
2311,train
2313,val
2314,train
2315,train
2316,train
2317,train
2318,train
2320,train
2321,val
2322,train
2323,train
2325,train
2326,train
2328,train
233,train
2330,train
2331,train
2332,train
2333,train
2334,train
2335,train
2337,val
2338,train
2339,val
234,train
2340,train
2342,train
2343,train
2344,train
2345,train
2346,train
2349,train
2350,train
2351,train
2352,val
2353,train
2354,train
2355,train
2356,train
2357,train
2358,val
236,train
2360,train
2361,train
2362,train
2363,train
2364,train
2366,train
2367,train
2368,train
237,train
2370,train
2371,train
2372,train
2375,train
2376,train
2377,train
238,train
2380,train
2381,train
2382,train
2383,train
2384,train
2385,train
2386,train
2387,train
2389,train
239,train
2390,train
2391,train
2392,train
2394,train
2396,train
2397,train
2399,train
24,val
240,train
2400,train
2401,train
2402,train
2403,train
2404,train
2406,train
2408,train
2409,train
2410,train
2412,train
2413,train
2414,train
2415,val
2416,val
2417,train
2419,train
2420,train
2421,train
2423,train
2424,train
2425,train
2426,val
2427,train
2428,train
2429,train
2430,train
2432,train
2433,train
2434,train
2435,train
2436,val
2438,train
2439,train
244,train
2440,train
2441,train
2442,train
2443,train
2444,val
2445,train
2446,train
2447,train
2448,train
2449,train
245,train
2450,train
2451,train
2453,train
2454,train
2456,train
2458,train
2459,train
246,train
2460,train
2461,train
2462,train
2463,train
2464,train
2465,train
2469,train
247,train
2470,train
2472,val
2473,train
2475,train
2477,train
2479,train
248,train
2480,train
2481,train
2482,train
2483,train
2484,train
2486,train
2487,train
2488,train
249,train
2492,train
2493,train
2494,train
2495,train
2499,train
25,train
250,train
2501,train
2502,train
2503,val
2504,train
2505,train
2506,train
2507,train
2508,train
2509,train
251,train
2510,train
2511,train
2512,val
2513,train
2514,train
2515,train
2516,train
2517,train
2518,train
2519,train
252,train
2520,train
2521,train
2522,train
2524,val
2526,val
2527,train
2528,train
2529,train
253,train
2530,train
2531,train
2532,train
2533,train
2534,train
2535,train
2537,train
2539,train
2541,val
2542,train
2543,train
2545,train
2548,train
2549,train
255,train
2550,train
2552,train
2553,train
2556,train
2558,train
2559,train
256,train
2560,train
2561,train
2562,train
2564,train
2566,train
2567,train
2568,train
2569,train
257,train
2570,train
2571,val
2572,val
2573,train
2574,train
2575,train
2576,train
2577,train
2578,train
2579,train
258,train
2580,train
2581,train
2582,train
2583,train
2584,train
2585,train
2586,train
2588,train
259,train
2591,train
2593,train
2595,train
2596,train
2597,train
2598,train
26,train
260,train
2601,val
2602,train
2603,train
2605,train
2606,train
2607,val
2608,train
2609,train
2610,train
2611,train
2612,train
2613,train
2614,train
2615,train
2617,train
2619,train
262,train
2620,train
2621,train
2622,train
2623,train
2624,train
2626,train
2627,train
2628,train
263,val
2630,train
2631,train
2632,train
2633,train
2634,train
2635,train
2636,train
2638,train
264,train
2640,train
2642,train
2643,train
2644,train
2645,train
2646,train
2647,train
2649,val
265,train
2650,train
2652,train
2653,train
2654,val
2655,train
2656,train
2657,train
266,train
2660,train
2661,train
2662,train
2663,train
2665,train
2666,train
2667,train
2668,train
2669,val
267,val
2670,train
2671,train
2672,train
2673,train
2674,train
2675,train
2677,train
2678,train
2679,train
268,train
2680,train
2682,train
2683,train
2684,train
2686,train
2687,train
2688,train
2689,train
269,train
2690,train
2691,train
2692,train
2693,train
2694,train
2696,train
2697,train
2698,train
2699,train
27,train
270,train
2701,train
2702,val
2703,train
2705,train
2706,train
2707,train
2709,train
271,val
2710,train
2711,train
2712,train
2713,train
2714,train
2715,train
2717,train
2718,train
2719,val
272,train
2720,train
2721,train
2722,train
2724,train
2725,train
2727,train
2728,train
2729,train
273,train
2730,train
2731,train
2732,train
2734,train
2735,train
2736,train
2738,train
274,val
2741,train
2742,train
2744,train
2746,train
2747,val
2748,train
2749,train
2750,train
2751,train
2752,train
2753,train
2754,train
2755,val
2756,train
2757,train
2759,train
2760,train
2761,train
2764,train
2766,val
2767,train
2768,train
2769,train
277,val
2770,train
2771,train
2772,train
2773,train
2774,train
2775,train
2777,train
2778,train
278,train
2780,train
2781,train
2782,train
2783,train
2784,val
2785,train
2786,train
2787,train
2788,train
279,train
2791,train
2792,train
2793,train
2794,train
2796,train
2797,val
2798,train
28,train
280,train
2800,train
2801,train
2802,train
2803,train
2804,train
2805,train
2806,train
2807,train
2808,train
281,train
2811,val
2812,train
2813,train
2814,train
2815,train
2816,train
2817,train
2818,train
2819,val
282,train
2820,train
2821,train
2822,train
2824,train
2826,train
2829,train
283,train
2831,val
2832,train
2833,train
2835,train
2837,train
2839,train
284,train
2841,train
2844,train
2847,train
2848,train
2849,train
285,train
2852,train
2853,train
2854,train
2855,val
2856,val
2857,train
2858,val
2859,train
2861,val
2862,train
2863,train
2864,train
2865,train
2866,train
2867,val
2869,train
2870,train
2871,train
2872,train
2873,val
2874,train
2875,train
2876,train
2877,train
2878,train
2879,train
288,train
2880,train
2881,train
2882,train
2883,train
2885,val
2887,train
2889,train
289,train
2890,train
2891,train
2892,train
2895,train
2896,train
2897,train
2898,train
29,train
290,val
2900,train
2901,train
2902,train
2904,train
2905,val
2907,train
2908,train
2909,train
291,train
2910,train
2911,train
2912,train
2913,train
2914,train
2915,train
2916,train
2917,train
2918,train
292,train
2920,train
2921,train
2922,train
2924,val
2925,train
2926,val
2927,val
2928,train
2929,train
293,train
2930,train
2934,val
2935,val
2936,val
2937,train
2938,val
294,train
2940,train
2941,train
2942,train
2944,train
2945,train
2946,train
2947,train
2948,train
2949,train
295,train
2950,train
2951,train
2952,train
2953,train
2954,train
2955,train
2956,train
2958,train
296,train
2960,train
2961,train
2962,train
2963,train
2964,train
2965,val
2966,train
2967,train
2968,train
2969,train
2970,train
2971,train
2972,train
2974,train
2975,train
2976,train
2977,train
2978,train
2979,train
2980,train
2983,train
2984,train
2986,train
2988,train
299,train
2990,train
2991,train
2992,train
2993,train
2994,train
2996,train
2997,train
2998,train
2999,train
3,train
30,train
300,train
3001,train
3002,train
3004,train
3005,train
3006,train
3007,train
3008,train
3009,train
301,train
3010,train
3012,train
3013,train
3014,train
3015,train
3016,train
3017,train
3018,train
3019,train
302,train
3020,train
3021,train
3022,train
3023,train
3024,train
3025,val
3026,train
3027,train
3029,train
303,train
3030,train
3031,train
3032,train
3034,train
3035,train
3036,train
3038,val
304,train
3041,train
3042,train
3043,train
3044,train
3045,train
3046,train
3047,train
3048,train
3049,train
305,train
3050,train
3051,train
3052,train
3053,train
3054,train
3055,train
3056,train
3057,train
3058,train
306,train
3060,train
3061,train
3062,train
3063,train
3065,val
3066,val
3067,train
3068,train
3069,train
307,train
3070,train
3071,train
3073,train
3076,train
3077,train
3078,train
3079,train
308,train
3080,train
3081,val
3082,train
3084,val
3085,train
3086,train
3088,train
3089,val
309,train
3090,train
3094,train
3095,train
3096,train
3097,train
3098,train
3099,train
31,train
310,train
3100,train
3101,train
3102,train
3103,train
3104,train
3105,train
3106,val
3107,train
3108,val
3109,train
311,train
3110,val
3112,train
3114,train
3115,train
3118,train
3119,train
312,train
3120,train
3121,train
3122,train
3123,train
3124,train
3125,train
3126,train
3127,train
3128,train
3129,train
313,train
3130,train
3131,train
3133,train
3135,train
3136,train
3137,train
3138,train
3139,train
314,train
3142,train
3143,val
3144,train
3145,train
3146,train
3147,train
3148,train
3149,train
315,train
3150,train
3151,train
3152,train
3153,train
3154,train
3156,train
3158,train
3159,train
316,val
3160,train
3161,train
3162,train
3164,train
3165,train
3166,val
3167,train
3168,train
3169,train
3170,train
3171,val
3172,val
3173,train
3174,train
3175,train
3177,train
3178,train
3179,train
318,train
3180,train
3181,train
3183,val
3184,train
3185,val
3186,train
3188,train
3190,train
3191,train
3192,train
3193,train
3195,train
3196,train
3197,train
3198,train
3199,train
32,train
320,train
3201,train
3202,train
3203,train
3204,train
3205,val
3206,val
3207,val
3208,train
3209,train
3210,val
3212,val
3213,train
3214,train
3216,train
3217,train
3219,train
322,train
3220,train
3221,val
3222,train
3226,train
3228,train
3229,train
323,train
3230,train
3231,train
3233,train
3235,train
3238,train
3239,train
324,train
3240,train
3242,train
3243,train
3244,train
3245,train
3247,train
3248,train
3249,train
325,val
3250,train
3251,train
3254,train
3256,train
3257,train
3258,train
3259,train
326,val
3260,train
3261,train
3263,train
3264,train
3265,train
3267,train
3268,train
3269,train
3270,train
3271,train
3272,train
3273,val
3274,train
3275,train
3276,train
3277,train
3278,train
3279,train
328,val
3280,train
3282,train
3284,train
3285,val
3286,train
3287,train
3288,train
3289,train
329,train
3290,train
3291,train
3292,train
3293,train
3294,train
3295,train
3296,train
3297,train
3298,train
3299,train
33,train
3300,val
3301,train
3302,train
3303,train
3304,train
3305,train
3306,train
3307,train
3308,train
3309,train
3310,train
3311,train
3312,train
3313,train
3314,train
3316,train
3317,train
3318,train
3319,train
332,train
3320,train
3321,train
3322,train
3323,train
3324,train
3325,train
3326,train
3327,train
3328,train
3329,train
333,train
3331,train
3332,train
3333,train
3334,train
3335,train
3336,train
3337,train
3338,train
3339,train
334,train
3340,train
3341,train
3342,train
3343,train
3344,train
3345,val
3346,train
335,train
3351,val
3352,train
3353,train
3354,train
3356,train
3357,train
3359,train
336,train
3361,train
3363,train
3364,val
3365,train
3367,train
3369,train
337,train
3370,val
3371,val
3372,train
3373,train
3374,val
3375,val
3376,train
3377,val
3378,val
3379,val
3380,train
3381,train
3382,train
3383,train
3384,train
3386,train
3387,train
3388,train
3389,train
339,val
3390,train
3392,train
3393,train
3394,train
3396,train
3398,train
34,train
340,train
3400,train
3401,train
3402,val
3403,train
3404,train
3405,train
3406,train
3407,train
3408,val
341,train
3410,train
3411,train
3412,train
3413,train
3414,train
3415,train
3416,val
3417,train
3418,train
3419,train
342,train
3420,train
3421,train
3422,train
3423,train
3424,train
3425,train
3426,train
3427,train
3428,train
3429,train
343,train
3431,train
3432,train
3433,train
3434,val
3436,train
3437,train
3438,train
3439,train
344,train
3441,train
3442,train
3443,train
3444,train
3446,train
3447,train
3448,train
3449,train
345,train
3450,train
3452,train
3453,train
3454,train
3455,train
3456,train
3457,train
3458,train
3459,train
346,train
3460,train
3461,train
3462,train
3463,train
3465,train
3466,train
3467,train
3468,val
3469,train
347,train
3472,train
3473,val
3474,train
3475,train
3476,train
3477,val
3478,train
3479,train
348,train
3480,train
3481,train
3482,train
3484,train
3485,train
3486,train
3488,val
3489,val
3491,train
3492,val
3494,train
3497,train
3498,train
3499,train
35,train
350,train
3500,train
3501,train
3502,train
3504,train
3505,train
3509,train
351,train
3510,train
3511,train
3512,train
3514,train
3515,train
3516,train
3517,val
3518,val
3519,train
352,train
3520,train
3522,train
3523,train
3525,train
3526,train
3528,train
3529,val
353,train
3531,train
3533,train
3534,train
3535,train
3536,train
3537,train
3538,train
3539,train
354,train
3540,train
3542,train
3543,train
3544,train
3545,train
3546,val
3548,train
3549,train
355,train
3550,train
3551,train
3554,val
3555,train
3558,train
356,train
3560,train
3561,train
3562,val
3563,train
3564,train
3567,train
3568,train
3569,train
357,train
3570,train
3571,train
3572,train
3573,train
3575,train
3578,train
3579,train
358,train
3580,train
3582,val
3583,train
3585,train
3586,train
3587,val
3588,train
359,train
3590,train
3591,train
3593,train
3594,train
3596,train
3597,train
3598,train
36,train
360,train
3600,val
3602,train
3603,train
3604,train
3605,train
3606,train
3608,val
3609,train
361,train
3610,train
3612,train
3613,test
3614,train
3615,train
3616,val
3617,train
3618,train
362,train
3620,train
3621,train
3623,train
3625,train
3626,train
3628,train
3629,train
363,train
3630,train
3631,train
3632,train
3633,train
3634,val
3635,train
3636,train
3637,train
3638,val
364,train
3640,train
3641,train
3643,train
3645,train
3646,train
3648,train
3649,train
3650,train
3651,train
3652,val
3654,train
3655,train
3656,val
3658,train
3659,train
366,train
3660,train
3662,train
3663,train
3664,train
3667,train
3668,train
3669,train
367,train
3670,train
3671,train
3672,train
3673,train
3674,train
3675,train
3676,train
3677,train
3678,train
3679,train
368,train
3680,train
3681,train
3682,train
3683,train
3684,train
3686,val
3687,train
3688,train
3689,train
3691,train
3692,train
3693,train
3695,train
3696,train
3697,train
3698,train
3699,val
37,train
370,train
3700,train
3701,train
3702,train
3704,train
3705,train
3706,val
3708,train
3709,train
371,train
3710,val
3711,train
3712,train
3713,train
3714,train
3715,train
3717,train
3718,train
3719,train
372,train
3720,train
3721,train
3722,train
3723,train
3724,train
3725,train
3727,train
3728,train
3729,train
3730,train
3732,train
3733,train
3735,train
3736,train
3737,train
3738,train
3739,train
374,train
3740,train
3741,train
3742,train
3744,train
3745,train
3746,train
3747,train
3748,train
3749,val
375,train
3750,train
3751,train
3752,train
3753,train
3754,train
3756,train
3757,train
3758,train
3760,train
3761,val
3762,train
3763,train
3764,train
3765,train
3766,train
3767,train
3769,train
377,train
3771,train
3773,train
3774,train
3775,train
3777,train
3779,train
378,train
3780,train
3781,train
3783,train
3784,train
3785,train
3786,train
3787,train
3788,train
3789,train
3790,val
3791,train
3792,train
3793,train
3794,train
3795,train
3796,train
3797,train
3798,train
38,train
380,train
3800,train
3801,train
3802,train
3803,train
3804,train
3805,train
3806,train
3807,train
3808,val
3809,train
381,train
3810,train
3812,train
3813,train
3817,train
3818,train
3819,train
382,train
3821,train
3822,train
3823,train
3824,train
3827,train
3828,val
3829,train
3830,train
3832,train
3833,val
3834,train
3835,train
3836,train
3837,train
3839,train
384,train
3840,train
3841,train
3842,train
3845,train
3846,train
3847,train
3848,train
3849,train
385,train
3850,train
3852,train
3853,train
3854,train
3855,train
3856,train
3858,train
3860,train
3861,train
3862,train
3863,train
3865,train
3866,train
3867,train
3868,train
3869,train
387,train
3870,train
3871,train
3872,train
3874,train
3875,train
3876,train
3878,val
388,train
3880,train
3881,train
3882,train
3883,val
3884,train
3885,train
3886,train
3887,train
3888,train
3889,train
389,train
3890,train
3891,train
3892,train
3893,train
3894,train
3895,train
3896,train
3898,train
3899,train
39,train
390,train
3900,train
3904,train
3905,train
3906,train
3907,train
3908,train
3909,train
391,train
3910,train
3911,train
3912,train
3914,train
3915,train
3916,train
3918,val
3919,train
3920,train
3921,train
3923,train
3925,train
3926,val
3928,train
3929,train
3930,train
3931,train
3932,train
3933,train
3934,train
3936,train
3938,train
394,train
3941,val
3942,train
3943,train
3945,train
3946,train
3947,train
3948,train
3949,train
395,train
3951,train
3953,train
3954,train
3955,train
3957,train
3958,train
3959,train
396,train
3960,train
3961,train
3962,train
3963,train
3964,train
3965,train
3966,train
3967,val
3968,train
3969,train
397,train
3970,train
3971,train
3972,train
3973,train
3976,train
3977,train
3979,train
398,train
3980,train
3981,train
3982,train
3983,train
3984,train
3985,train
3986,train
3987,train
3988,train
3989,train
399,train
3990,train
3992,train
3993,val
3994,train
3995,train
3996,val
3998,train
3999,train
4,train
40,train
4000,train
4002,train
4003,train
4004,train
4005,train
4006,train
4007,train
4008,train
401,train
4010,train
4011,val
4012,train
4013,train
4014,train
4015,val
4016,train
4019,train
4020,train
4021,val
4024,train
4025,train
4026,train
4027,train
4028,train
4029,train
403,train
4031,train
4032,train
4033,train
4035,val
4036,train
4037,val
4039,train
404,train
4040,train
4041,train
4042,train
4043,train
4044,train
4045,train
4046,train
4047,train
4048,train
405,val
4051,val
4052,train
4053,train
4054,train
4056,val
4057,train
4058,val
4059,val
4060,train
4061,val
4062,train
4063,train
4065,train
4066,val
4067,train
4068,train
407,train
4070,train
4073,train
4074,train
4079,val
408,train
4080,train
4081,train
4082,train
4085,train
4087,train
4088,train
4089,train
409,train
4090,train
4091,train
4092,train
4093,train
4094,train
4095,train
4096,train
4097,train
4099,train
41,train
410,train
4100,train
4101,train
4102,train
4103,train
4104,train
4105,train
4107,train
4108,train
4109,val
411,train
4111,train
4112,val
4114,train
4116,train
4117,train
4118,train
4119,train
412,train
4120,train
4121,train
4122,train
4123,train
4124,train
4125,train
4126,train
4127,train
4128,train
4129,train
413,val
4130,train
4132,train
4133,train
4134,train
4135,train
4136,train
4137,train
4138,train
414,train
4142,train
4143,train
4145,train
4146,val
4148,train
415,train
4150,train
4151,train
4152,train
4153,val
4154,train
4155,train
4156,train
4157,train
4159,train
416,train
4161,train
4162,train
4163,val
4164,train
4165,train
4166,train
4167,train
4168,train
4169,train
417,val
4171,train
4172,val
4173,train
4174,train
4175,train
4178,train
4179,val
418,train
4180,train
4181,train
4186,train
4187,train
419,train
4190,train
4191,train
4192,train
4194,train
4195,train
4196,train
4197,val
4198,train
4199,train
42,train
420,train
4200,train
4201,train
4202,train
4203,train
4205,train
4206,train
4207,train
4208,train
4209,train
421,train
4211,train
4212,train
4214,train
4215,val
4216,train
4217,train
4218,train
4219,train
422,train
4220,train
4221,train
4222,train
4223,train
4224,train
4225,val
4226,train
4227,train
4229,train
423,train
4230,train
4231,val
4232,train
4233,train
4234,val
4235,train
4236,train
4237,train
4238,train
4239,val
424,val
4240,train
4244,train
4245,train
4246,val
4247,train
4249,train
4250,val
4251,val
4252,train
4253,train
4254,val
4255,train
4256,train
4257,train
4258,train
4259,train
426,train
4262,train
4264,train
4265,train
4266,val
4267,train
4268,train
4269,train
427,train
4270,val
4271,train
4272,train
4274,train
4275,train
4278,train
4279,train
4280,train
4281,train
4284,train
4285,train
4286,train
4287,train
4288,train
4289,train
429,train
4290,train
4291,train
4292,train
4293,train
4294,train
4295,train
4296,train
4297,train
4298,train
4299,train
43,train
430,train
4300,train
4301,train
4303,train
4304,train
4305,train
4306,train
4308,train
4309,val
4310,val
4313,train
4314,train
4315,train
4316,val
4317,train
4318,train
4319,train
432,val
4320,train
4321,train
4322,train
4323,train
4324,train
4325,train
4326,val
4327,train
4328,val
4329,train
433,train
4330,train
4332,train
4333,train
4334,train
4336,train
4337,train
4338,train
4339,train
4340,train
4341,train
4342,train
4343,train
4344,train
4345,train
4347,train
4348,train
4349,train
435,train
4350,train
4351,train
4352,train
4353,train
4354,train
4355,train
4356,train
4357,val
4358,train
4359,train
436,val
4361,train
4362,train
4363,train
4364,train
4365,train
4366,train
4367,train
4368,train
4369,train
437,train
4371,train
4373,train
4374,train
4375,train
4376,train
4378,train
438,train
4380,train
4382,train
4383,train
4384,train
4385,train
4386,train
4387,train
4390,train
4391,train
4392,train
4393,train
4394,train
4395,val
4396,train
4398,train
4399,train
44,train
440,train
4400,train
4401,train
4402,train
4403,train
4405,train
4406,train
4407,train
4408,train
4409,train
4410,val
4411,train
4412,train
4414,train
4415,train
4416,train
4417,train
4418,train
4419,val
442,val
4421,train
4422,train
4424,train
4425,train
4426,train
4427,val
4428,train
4429,train
443,train
4430,train
4431,val
4433,train
4434,val
4435,train
4436,train
4437,train
4438,train
4439,train
444,train
4444,train
4445,train
4446,train
4447,train
4448,train
4449,val
445,train
4450,val
4452,train
4454,train
4455,val
4456,train
4457,train
4459,train
446,train
4461,train
4462,train
4463,train
4464,train
4466,train
4467,train
4468,train
4469,train
447,train
4470,val
4471,train
4472,train
4473,train
4475,train
4476,train
4477,train
4478,val
4479,train
448,train
4481,train
4482,train
4483,train
4484,train
4485,train
4486,train
4487,train
4489,train
449,val
4490,train
4491,val
4492,train
4495,train
4496,train
4497,train
4498,train
4499,train
45,train
450,val
4500,train
4501,train
4502,train
4503,train
4504,train
4505,train
4506,train
4507,train
4508,val
4509,train
4510,train
4511,train
4512,train
4513,train
4514,train
4515,train
4519,train
452,train
4520,train
4521,val
4522,train
4526,train
4527,train
4528,train
4529,train
453,train
4530,train
4531,train
4532,train
4534,val
4535,train
4536,train
4538,train
4539,train
454,train
4540,train
4541,train
4542,train
4543,train
4544,train
4546,val
4547,train
4548,train
4549,train
455,train
4550,train
4551,val
4553,train
4554,train
4556,train
456,train
4561,train
4562,train
4563,train
4564,train
4565,train
4566,train
4567,train
4568,train
4569,train
457,train
4570,train
4571,train
4572,train
4573,train
4574,train
4575,train
4576,train
4577,train
4578,train
4579,train
458,train
4581,train
4582,train
4583,train
4584,train
4585,train
4586,val
4587,train
4588,train
4589,train
459,train
4590,train
4591,train
4593,train
4594,train
4595,train
4596,val
4597,train
4598,train
4599,train
46,train
4600,train
4603,train
4604,train
4605,train
4608,train
4609,train
4610,train
4611,train
4612,train
4613,train
4614,train
4616,train
4617,train
4618,train
4619,train
4620,train
4621,train
4622,train
4623,train
4625,train
4626,train
4627,train
4628,train
4629,train
463,train
4630,train
4631,val
4633,train
4634,train
4635,val
4636,train
4637,train
4638,train
4639,train
464,val
4640,train
4642,train
4644,train
4645,train
4646,train
4647,val
4648,train
4650,train
4651,val
4652,train
4654,train
4659,val
466,train
4660,train
4661,val
4662,train
4664,train
4665,train
4666,train
4667,train
467,train
4671,train
4672,train
4673,train
4674,train
4675,train
4676,val
4678,train
4679,train
4682,train
4685,train
4686,train
4687,train
4689,train
469,val
4690,train
4691,train
4692,train
4693,train
4694,train
4695,val
4697,train
4698,train
47,train
470,train
4700,train
4701,train
4702,train
4703,train
4704,train
4705,train
4708,train
4709,train
471,train
4710,train
4711,train
4714,train
4715,train
4716,train
4717,train
4718,train
4719,train
4720,train
4721,train
4722,train
4723,train
4724,train
4725,train
4726,train
4727,train
4728,val
4729,train
4730,train
4731,train
4732,train
4734,train
4735,train
4736,train
4737,train
4739,train
474,train
4741,train
4742,train
4743,train
4744,val
4745,val
4746,train
4747,val
4748,train
4749,train
475,train
4750,train
4751,train
4752,val
4753,train
4754,train
4755,train
4757,train
4758,train
4759,train
476,train
4760,val
4761,train
4762,train
4764,train
4765,train
4767,train
4768,train
4769,train
477,val
4770,train
4771,train
4774,train
4776,train
4777,train
4778,train
4782,train
4783,train
4784,train
4785,train
4786,val
4787,train
4788,train
4789,train
4790,train
4791,train
4792,train
4793,val
4794,val
4795,train
4796,train
4798,train
4799,train
48,train
4800,train
4801,train
4803,val
4804,train
4805,train
4806,train
4807,train
4808,train
481,train
4810,train
4811,train
4813,train
4814,train
4815,train
4816,train
4817,train
4819,val
482,train
4821,train
4822,val
4823,train
4824,train
4825,train
4826,train
4827,train
4828,train
4829,val
483,train
4830,train
4831,train
4832,train
4833,train
4835,train
4836,train
4837,train
4838,train
4839,train
4840,train
4841,train
4842,train
4843,train
4845,train
4846,train
4847,train
4848,train
4849,train
485,train
4852,train
4853,train
4854,train
4855,train
4856,val
4857,train
4858,val
4859,val
486,train
4860,train
4863,train
4864,train
4865,train
4866,train
4867,train
4868,train
487,val
4870,train
4871,train
4872,train
4873,train
4874,train
4875,val
4876,train
4877,train
4878,train
4879,train
4880,train
4881,train
4882,train
4883,train
4884,train
4885,train
4886,train
4887,train
4888,train
4889,train
489,train
4890,train
4891,train
4892,train
4893,train
4894,train
4895,train
4897,val
4898,train
4899,train
49,train
490,train
4900,train
4902,train
4903,val
4904,train
4905,train
4906,train
4908,train
4909,train
491,train
4910,train
4912,train
4913,train
4914,train
4915,train
4916,train
4918,train
4919,train
492,train
4920,train
4921,train
4922,train
4923,train
4924,train
4925,train
4926,train
4927,val
4928,train
4929,train
493,train
4930,test
4931,test
4932,train
4933,train
4934,train
4935,train
4936,train
4937,train
4938,val
4939,train
494,train
4940,train
4941,val
4942,train
4943,test
4944,train
4945,val
4946,train
4947,train
4948,train
4949,train
495,train
4950,train
4951,train
4952,train
4953,train
4954,train
4955,train
4956,train
4957,train
4958,train
4959,train
496,train
4960,train
4961,train
4962,train
4963,train
4964,train
4965,train
4966,test
4967,train
4968,val
4969,train
497,train
4970,val
4971,train
4972,train
4973,test
4974,train
4975,train
4976,val
4977,train
4978,test
4979,train
498,train
4980,train
4981,train
4982,train
4983,train
4984,val
4985,train
4986,train
4987,train
4988,train
4989,test
4990,train
4991,train
4992,test
4993,train
4994,train
4995,train
4996,test
4997,train
4998,test
4999,train
5,train
50,train
500,train
5000,train
5001,train
5002,train
5003,train
5004,train
5005,train
5006,train
5007,train
5008,train
5009,train
501,train
5010,test
5011,train
5012,train
5013,test
5014,train
5015,test
5016,train
5017,train
5018,train
5019,train
502,train
5020,train
5021,train
5022,train
5023,test
5024,train
5025,train
5026,train
5027,train
5028,test
5029,train
503,train
5030,test
5031,val
5032,train
5033,test
5034,train
5035,test
5036,train
5037,train
5038,train
5039,train
504,train
5040,train
5041,val
5042,train
5043,train
5044,train
5045,train
5046,train
5047,train
5048,train
5049,train
505,train
5050,train
5051,test
5052,test
5053,train
5054,val
5055,train
5056,train
5057,train
5058,train
5059,train
506,val
5060,val
5061,test
5062,val
5063,train
5064,val
5065,train
5066,train
5067,val
5068,train
5069,train
507,train
5070,train
5071,train
5072,test
5073,train
5074,val
5075,test
5076,train
5077,train
5078,train
5079,train
508,val
5080,train
5081,train
5082,train
5083,train
5084,test
5085,train
5086,train
5087,val
5088,train
5089,train
509,train
5090,train
5091,test
5092,train
5093,train
5094,train
5095,train
5096,val
5097,train
5098,test
5099,train
51,train
5100,test
5101,train
5102,train
5103,train
5104,train
5105,train
5106,train
5107,train
5108,train
5109,val
511,train
5110,train
5111,train
5112,train
5113,test
5114,train
5115,train
5116,train
5117,train
5118,train
5119,train
512,val
5120,val
5121,train
5122,train
5123,train
5124,train
5125,train
5126,train
5127,train
5128,test
5129,test
513,train
5130,train
5131,val
5132,test
5133,train
5134,test
5135,val
5136,train
5137,train
5138,train
5139,train
5140,train
5141,train
5142,train
5143,train
5144,train
5145,train
5146,train
5147,train
5148,test
5149,train
515,train
5150,test
5151,train
5152,val
5153,train
5154,train
5155,train
5156,train
5157,train
5158,test
5159,test
516,train
5160,train
5161,val
5162,test
5163,train
5164,train
5165,train
5166,train
5167,train
5168,test
5169,test
517,train
5170,test
5171,val
5172,val
5173,train
5174,test
5175,train
5176,train
5177,train
5178,train
5179,train
5180,train
5181,train
5182,train
5183,train
5184,test
5185,test
5186,val
5187,train
5188,train
5189,train
5190,train
5191,train
5192,test
5193,train
5194,train
5195,train
5196,train
5197,train
5198,train
5199,train
52,train
520,train
5200,train
5201,train
5202,train
5203,train
5204,train
5205,train
5206,test
5207,train
5208,val
5209,train
521,train
5210,val
5211,train
5212,test
5213,train
5214,test
5215,train
5216,test
5217,train
5218,test
5219,train
522,train
5220,val
5221,train
5222,val
5223,test
5224,test
5225,train
5226,test
5227,train
5228,test
5229,train
523,train
5230,train
5231,test
5232,train
5233,train
5234,train
5235,train
5236,train
5237,test
5238,train
5239,train
524,train
5240,train
5241,test
5242,train
5243,train
5244,test
5245,train
5246,train
5247,val
5248,val
5249,train
525,train
5250,train
5251,val
5252,test
5253,test
5254,train
5255,train
5256,test
5257,train
5258,train
5259,val
526,train
5260,test
5261,train
5262,train
5263,train
5264,train
5265,val
5266,train
5267,test
5268,val
5269,test
527,train
5270,train
5271,train
5272,train
5273,test
5274,train
5275,test
5276,test
5277,train
5278,val
5279,train
528,train
5280,train
5281,test
5282,test
5283,val
5284,test
5285,train
5286,val
5287,train
5288,train
5289,train
529,train
5290,train
5291,train
5292,train
5293,train
5294,test
5295,train
5296,train
5297,train
5298,test
5299,train
53,train
530,train
5300,train
5301,test
5302,train
5303,train
5304,test
5305,val
5306,test
5307,train
5308,train
5309,test
531,train
5310,train
5311,train
5312,train
5313,train
5314,train
5315,test
5316,train
5317,train
5318,train
5319,train
5320,train
5321,train
5322,test
5323,train
5324,train
5325,test
5326,train
5327,val
5328,test
5329,train
5330,val
5331,train
5332,test
5333,val
5334,train
5335,test
5336,test
5337,train
5338,train
5339,train
534,val
5340,train
5341,train
5342,train
5343,val
5344,train
5345,train
5346,train
5347,train
5348,train
5349,test
535,train
5350,train
5351,val
5352,val
5353,train
5354,test
5355,train
5356,train
5357,train
5358,val
5359,train
536,train
5360,train
5361,train
5362,train
5363,train
5364,train
5365,train
5366,train
5367,train
5368,train
5369,val
537,train
5370,train
5371,train
5372,train
5373,test
5374,train
5375,train
5376,train
5377,train
5378,train
5379,train
538,train
5380,train
5381,val
5382,train
5383,test
5384,train
5385,test
5386,train
5387,train
5388,train
5389,val
539,train
5390,train
5391,train
5392,train
5393,train
5394,train
5395,train
5396,train
5397,train
5398,train
5399,train
54,train
5400,train
5401,train
5402,train
5403,val
5404,train
5405,train
5406,train
5407,train
5408,train
5409,train
541,train
5410,train
5411,train
5412,test
5413,train
5414,val
5415,train
5416,train
5417,train
5418,train
5419,train
542,train
5420,train
5421,train
5422,train
5423,train
5424,train
5425,test
5426,test
5427,train
5428,train
5429,train
543,train
5430,train
5431,test
5432,train
5433,test
5434,train
5435,train
5436,train
5437,train
5438,train
5439,train
544,train
5440,train
5441,train
5442,train
5443,train
5444,test
5445,train
5446,test
5447,train
5448,test
5449,train
545,train
5450,train
5451,train
5452,train
5453,train
5454,train
5455,train
5456,train
5457,test
5458,test
5459,train
546,train
5460,train
5461,train
5462,test
5463,train
5464,train
5465,train
5466,train
5467,test
5468,train
5469,train
547,train
5470,train
5471,test
5472,train
5473,train
5474,val
5475,train
5476,test
5477,val
5478,test
5479,train
548,train
5480,test
5481,test
5482,train
5483,train
5484,val
5485,train
5486,train
5487,train
5488,train
5489,train
5490,test
5491,train
5492,train
5493,train
5494,train
5495,train
5496,train
5497,test
5498,train
5499,val
55,train
5500,train
5501,test
5502,test
5503,train
5504,train
5505,train
5506,test
5507,train
5508,train
5509,train
551,train
5510,val
5511,train
5512,train
5513,train
5514,train
5515,train
5516,test
5517,train
5518,train
5519,train
552,val
5520,test
5521,train
5522,train
5523,test
5524,test
5525,train
5526,train
5527,train
5528,train
5529,train
553,val
5530,train
5531,train
5532,val
5533,train
5534,val
5535,test
5536,test
5537,train
5538,train
5539,test
554,train
5540,train
5541,train
5542,train
5543,train
5544,val
5545,test
5546,train
5547,train
5548,train
5549,train
5550,test
5551,train
5552,train
5553,train
5554,val
5555,train
5556,train
5557,train
5558,train
5559,train
556,train
5560,test
5561,train
5562,train
5563,test
5564,train
5565,train
5566,train
5567,test
5568,test
5569,train
557,train
5570,test
5571,train
5572,train
5573,val
5574,train
5575,test
5576,test
5577,train
5578,train
5579,train
5580,train
5581,train
5582,train
5583,train
5584,train
5585,test
5586,train
5587,train
5588,train
5589,train
559,train
5590,test
5591,train
5592,train
5593,train
5594,test
5595,train
5596,test
5597,train
5598,train
5599,train
560,train
5600,train
5601,train
5602,train
5603,train
5604,train
5605,test
5606,train
5607,train
5608,train
5609,train
561,train
5610,train
5611,train
5612,val
5613,test
5614,test
5615,train
5616,train
5617,train
5618,train
5619,train
562,train
5620,test
5621,test
5622,train
5623,train
5624,test
5625,train
5626,train
5627,train
5628,train
5629,train
563,train
5630,train
5631,train
5632,train
5633,test
5634,train
5635,train
5636,train
5637,val
5638,train
5639,train
564,train
5640,train
5641,train
5642,train
5643,train
5644,train
5645,train
5646,train
5647,train
5648,train
5649,train
565,train
5650,train
5651,test
5652,train
5653,train
5654,train
5655,train
5656,train
5657,train
5658,test
5659,train
5660,train
5661,train
5662,train
5663,test
5664,train
5665,test
5666,train
5667,test
5668,train
5669,train
567,train
5670,train
5671,train
5672,train
5673,train
5674,train
5675,train
5676,test
5677,train
5678,train
5679,train
5680,train
5681,train
5682,train
5683,train
5684,val
5685,train
5686,train
5687,train
5688,train
5689,train
569,val
5690,train
5691,test
5692,train
5693,train
5694,train
5695,test
5696,train
5697,train
5698,train
5699,train
57,train
570,train
5700,train
5701,train
5702,val
5703,val
5704,train
5705,train
5706,train
5707,train
5708,train
5709,train
571,train
5710,val
5711,train
5712,train
5713,test
5714,train
5715,train
5716,val
5717,train
5718,train
5719,train
5720,train
5721,train
5722,train
5723,test
5724,train
5725,train
5726,train
5727,train
5728,train
5729,train
5730,val
5731,train
5732,train
5733,train
5734,train
5735,test
5736,train
5737,train
5738,train
5739,train
574,train
5740,train
5741,train
5742,train
5743,test
5744,train
5745,train
5746,train
5747,train
5748,train
5749,train
575,train
5750,train
5751,train
5752,test
5753,train
5754,train
5755,train
5756,test
5757,train
5758,train
5759,train
576,train
5760,test
5761,train
5762,train
5763,train
5764,train
5765,train
5766,train
5767,train
5768,test
5769,train
5770,test
5771,train
5772,test
5773,test
5774,test
5775,train
5776,train
5777,train
5778,test
5779,train
578,train
5780,train
5781,train
5782,train
5783,val
5784,train
5785,test
5786,train
5787,train
5788,train
5789,train
579,train
5790,test
5791,test
5792,train
5793,test
5794,val
5795,train
5796,train
5797,train
5798,train
5799,test
58,train
5800,train
5801,train
5802,val
5803,train
5804,val
5805,train
5806,train
5807,train
5808,train
5809,train
581,train
5810,test
5811,train
5812,train
5813,test
5814,train
5815,train
5816,train
5817,train
5818,train
5819,train
582,train
5820,test
5821,train
5822,train
5823,test
5824,train
5825,train
5826,train
5827,train
5828,train
5829,train
583,train
5830,val
5831,train
5832,train
5833,train
5834,train
5835,train
5836,train
5837,train
5838,train
5839,train
584,train
5840,test
5841,train
5842,val
5843,train
5844,train
5845,train
5846,train
5847,train
5848,train
5849,train
585,train
5850,train
5851,train
5852,train
5853,train
5854,train
5855,train
5856,test
5857,train
5858,test
5859,val
586,train
5860,train
5861,train
5862,train
5863,test
5864,train
5865,train
5866,train
5867,train
5868,train
5869,train
587,train
5870,train
5871,train
5872,test
5873,train
5874,train
5875,train
5876,test
5877,train
5878,train
5879,train
588,val
5880,val
5881,val
5882,train
5883,train
5884,train
5885,train
5886,test
5887,train
5888,test
5889,train
589,train
5890,train
5891,test
5892,train
5893,test
5894,train
5895,train
5896,train
5897,train
5898,train
5899,train
59,train
590,train
5900,test
5901,train
5902,train
5903,train
5904,train
5905,train
5906,train
5907,val
5908,train
5909,train
591,train
5910,train
5911,train
5912,train
5913,train
5914,test
5915,train
5916,test
5917,train
5918,train
5919,train
592,train
5920,test
5921,train
5922,train
5923,train
5924,train
5925,train
5926,train
5927,train
5928,train
5929,test
593,train
5930,train
5931,test
5932,train
5933,train
5934,test
5935,test
5936,train
5937,train
5938,train
5939,train
594,train
5940,train
5941,test
5942,train
5943,test
5944,val
5945,test
5946,test
5947,test
5948,train
5949,train
595,train
5950,train
5951,train
5952,val
5953,train
5954,train
5955,train
5956,train
5957,train
5958,test
5959,train
596,train
5960,train
5961,train
5962,train
5963,train
5964,train
5965,train
5966,test
5967,train
5968,test
5969,train
597,train
5970,val
5971,train
5972,train
5973,train
5974,train
5975,test
5976,test
5977,train
5978,train
5979,train
598,train
5980,test
5981,train
5982,train
5983,train
5984,train
5985,train
5986,train
5987,test
5988,test
5989,train
599,train
5990,test
5991,train
5992,test
5993,train
5994,train
5995,train
5996,train
5997,test
5998,train
5999,train
6,train
60,train
600,train
6000,train
6001,train
6002,train
6003,train
6004,val
6005,train
6006,train
6007,train
6008,val
6009,train
601,val
6010,test
6011,test
6012,train
6013,train
6014,train
6015,train
6016,train
6017,train
6018,train
6019,train
602,train
6020,train
6021,train
6022,train
6023,train
6024,train
6025,train
6026,train
6027,train
6028,train
6029,test
603,train
6030,test
6031,train
6032,train
6033,train
6034,train
6035,train
6036,train
6037,train
6038,test
6039,test
6040,train
6041,train
6042,train
6043,train
6044,train
6045,train
6046,train
6047,test
6048,train
6049,train
605,train
6050,train
6051,train
6052,train
6053,train
6054,train
6055,train
6056,test
6057,test
6058,train
6059,train
606,train
6060,train
6061,train
6062,test
6063,train
6064,train
6065,train
6066,train
6067,train
6068,train
6069,train
607,train
6070,train
6071,train
6072,train
6073,train
6074,test
6075,test
6076,train
6077,train
6078,test
6079,train
608,train
6080,test
6081,train
6082,train
6083,train
6084,test
6085,train
6086,train
6087,train
6088,train
6089,val
6090,test
6091,train
6092,train
6093,test
6094,train
6095,train
6096,train
6097,train
6098,train
6099,val
61,train
610,train
6100,val
6101,train
6102,train
6103,train
6104,val
6105,train
6106,train
6107,train
6108,train
6109,train
611,train
6110,train
6111,val
6112,val
6113,train
6114,train
6115,train
6116,test
6117,test
6118,train
6119,train
612,train
6120,train
6121,train
6122,train
6123,train
6124,train
6125,train
6126,train
6127,train
6128,val
6129,train
613,train
6130,train
6131,train
6132,val
6133,train
6134,train
6135,test
6136,val
6137,train
6138,train
6139,test
614,train
6140,train
6141,train
6142,train
6143,train
6144,test
6145,train
6146,train
6147,train
6148,train
6149,train
615,train
6150,train
6151,train
6152,train
6153,test
6154,train
6155,train
6156,train
6157,train
6158,test
6159,train
616,val
6160,train
6161,train
6162,train
6163,train
6164,train
6165,train
6166,train
6167,val
6168,train
6169,train
617,train
6170,train
6171,train
6172,test
6173,train
6174,train
6175,test
6176,train
6177,test
6178,test
6179,train
618,val
6180,train
6181,train
6182,val
6183,train
6184,test
6185,test
6186,train
6187,test
6188,train
6189,train
619,train
6190,test
6191,train
6192,test
6193,train
6194,test
6195,test
6196,test
6197,test
6198,train
6199,train
6200,val
6201,train
6202,train
6203,train
6204,train
6205,train
6206,train
6207,train
6208,train
6209,train
621,train
6210,val
6211,val
6212,train
6213,train
6214,train
6215,train
6216,train
6217,train
6218,train
6219,test
622,train
6220,val
6221,test
6222,train
6223,test
6224,train
6225,test
6226,train
6227,val
6228,test
6229,test
623,train
6230,test
6231,train
6232,train
6233,val
6234,train
6235,train
6236,train
6237,train
6238,train
6239,test
6240,train
6241,train
6242,train
6243,train
6244,train
6245,test
6246,test
6247,train
6248,test
6249,train
6250,val
6251,train
6252,train
6253,test
6254,train
6255,train
6256,train
6257,test
6258,test
6259,train
626,train
6260,train
6261,train
6262,train
6263,train
6264,train
6265,train
6266,train
6267,test
6268,test
6269,test
6270,train
6271,train
6272,test
6273,train
6274,test
6275,train
6276,train
6277,train
6278,test
6279,train
6280,val
6281,train
6282,train
6283,test
6284,test
6285,train
6286,train
6287,test
6288,train
6289,test
629,train
6290,val
6291,val
6292,train
6293,test
6294,test
6295,train
6296,train
6297,test
6298,train
6299,test
63,train
630,train
6300,train
6301,test
6302,train
6303,train
6304,train
6305,train
6306,test
6307,train
6308,train
6309,train
631,train
6310,train
6311,train
6312,train
6313,test
6314,train
6315,train
6316,train
6317,train
6318,train
6319,train
632,train
6320,train
6321,train
6322,train
6323,test
6324,test
6325,train
6326,train
6327,train
6328,train
6329,test
633,train
6330,train
6331,val
6332,train
6333,train
6334,val
6335,train
6336,test
6337,train
6338,train
6339,train
6340,train
6341,train
6342,train
6343,train
6344,train
6345,train
6346,train
6347,train
6348,train
6349,train
6350,val
6351,val
6352,train
6353,train
6354,train
6355,train
6356,test
6357,train
6358,train
6359,train
636,train
6360,test
6361,train
6362,train
6363,train
6364,train
6365,train
6366,train
6367,train
6368,train
6369,train
6370,test
6371,train
6372,test
6373,train
6374,train
6375,train
6376,train
6377,train
6378,train
6379,train
638,val
6380,val
6381,train
6382,test
6383,train
6384,test
6385,train
6386,train
6387,train
6388,test
6389,train
639,train
6390,test
6391,train
6392,train
6393,train
6394,val
6395,train
6396,val
6397,train
6398,train
6399,test
64,train
640,train
6400,train
6401,train
6402,train
6403,train
6404,train
6405,train
6406,train
6407,test
6408,test
6409,train
641,train
6410,train
6411,test
6412,train
6413,train
6414,test
6415,val
6416,train
6417,train
6418,train
6419,test
642,train
6420,train
6421,test
6422,train
6423,val
6424,test
6425,train
6426,train
6427,train
6428,val
6429,train
6430,train
6431,train
6432,test
6433,test
6434,test
6435,train
6436,train
6437,val
6438,train
6439,val
644,train
6440,val
6441,test
6442,train
6443,train
6444,train
6445,train
6446,train
6447,test
6448,train
6449,val
645,train
6450,train
6451,val
6452,train
6453,train
6454,test
6455,train
6456,val
6457,train
6458,train
6459,test
646,train
6460,train
6461,train
6462,train
6463,val
6464,train
6465,train
6466,train
6467,train
6468,val
6469,train
647,train
6470,test
6471,train
6472,test
6473,train
6474,val
6475,val
6476,val
6477,train
6478,train
6479,train
648,train
6480,train
6481,train
6482,val
6483,train
6484,train
6485,train
6486,val
6487,train
6488,train
6489,train
6490,train
6491,test
6492,train
6493,train
6494,test
6495,train
6496,train
6497,train
6498,train
6499,train
65,train
6500,val
6501,train
6502,val
6503,train
6504,train
6505,train
6506,test
6507,train
6508,val
6509,train
651,train
6510,val
6511,train
6512,train
6513,train
6514,val
6515,train
6516,train
6517,train
6518,train
6519,train
652,train
6520,train
6521,train
6522,train
6523,train
6524,train
6525,train
6526,train
6527,train
6528,test
6529,train
6530,train
6531,train
6532,train
6533,test
6534,val
6535,train
6536,train
6537,train
6538,test
6539,test
654,val
6540,train
6541,train
6542,train
6543,train
6544,train
6545,train
6546,train
6547,train
6548,train
6549,train
655,train
6550,train
6551,test
6552,train
6553,train
6554,train
6555,train
6556,train
6557,test
6558,val
6559,train
656,train
6560,test
6561,train
6562,train
6563,train
6564,train
6565,train
6566,train
6567,test
6568,train
6569,train
657,train
6570,train
6571,train
6572,train
6573,train
6574,train
6575,test
6576,train
6577,val
6578,train
6579,train
658,train
6580,train
6581,train
6582,test
6583,train
6584,test
6585,train
6586,test
6587,train
6588,train
6589,test
659,train
6590,train
6591,val
6592,train
6593,train
6594,train
6595,train
6596,train
6597,train
6598,test
6599,train
66,train
660,val
6600,test
6601,test
6602,train
6603,train
6604,test
6605,train
6606,train
6607,val
6608,train
6609,test
661,train
6610,train
6611,train
6612,val
6613,train
6614,train
6615,train
6616,train
6617,test
6618,train
6619,train
662,train
6620,train
6621,val
6622,train
6623,val
6624,train
6625,train
6626,val
6627,train
6628,val
6629,test
663,train
6630,train
6631,train
6632,test
6633,train
6634,train
6635,test
6636,train
6637,val
6638,test
6639,train
664,train
6640,train
6641,train
6642,train
6643,train
6644,train
6645,train
6646,train
6647,train
6648,train
6649,train
665,train
6650,test
6651,train
6652,train
6653,train
6654,val
6655,test
6656,test
6657,test
6658,train
6659,train
6660,train
6661,train
6662,train
6663,train
6664,val
6665,train
6666,train
6667,train
6668,train
6669,test
667,train
6670,train
6671,train
6672,train
6673,train
6674,train
6675,train
6676,test
6677,test
6678,train
6679,train
668,train
6680,train
6681,train
6682,train
6683,train
6684,train
6685,train
6686,train
6687,test
6688,train
6689,train
669,val
6690,train
6691,train
6692,train
6693,train
6694,train
6695,train
6696,train
6697,train
6698,train
6699,train
67,train
670,train
6700,test
6701,train
6702,train
6703,test
6704,train
6705,train
6706,val
6707,train
6708,test
6709,test
671,train
6710,test
6711,train
6712,train
6713,train
6714,train
6715,train
6716,train
6717,train
6718,train
6719,train
672,train
6720,train
6721,train
6722,train
6723,test
6724,train
6725,train
6726,test
6727,train
6728,train
6729,train
673,train
6730,train
6731,test
6732,train
6733,val
6734,test
6735,train
6736,train
6737,val
6738,train
6739,val
674,train
6740,train
6741,test
6742,train
6743,test
6744,train
6745,test
6746,train
6747,test
6748,test
6749,train
675,train
6750,train
6751,train
6752,test
6753,train
6754,train
6755,train
6756,train
6757,train
6758,test
6759,train
676,train
6760,test
6761,train
6762,val
6763,test
6764,val
6765,train
6766,test
6767,train
6768,test
6769,train
677,train
6770,train
6771,test
6772,train
6773,val
6774,train
6775,val
6776,train
6777,train
6778,train
6779,test
6780,train
6781,train
6782,train
6783,train
6784,train
6785,train
6786,val
6787,test
6788,train
6789,test
679,train
6790,train
6791,train
6792,train
6793,train
6794,test
6795,test
6796,val
6797,train
6798,train
6799,test
68,train
680,val
6800,train
6801,train
6802,train
6803,train
6804,train
6805,train
6806,train
6807,train
6808,train
6809,test
681,train
6810,test
6811,train
6812,val
6813,test
6814,test
6815,train
6816,train
6817,train
6818,train
6819,train
682,train
6820,train
6821,train
6822,test
6823,test
6824,test
6825,test
6826,train
6827,test
6828,train
6829,train
683,train
6830,train
6831,train
6832,val
6833,train
6834,train
6835,train
6836,train
6837,test
6838,train
6839,train
684,train
6840,train
6841,train
6842,train
6843,test
6844,train
6845,train
6846,test
6847,train
6848,train
6849,train
6850,train
6851,train
6852,val
6853,train
6854,test
6855,test
6856,train
6857,test
6858,train
6859,train
6860,train
6861,train
6862,train
6863,train
6864,train
6865,train
6866,val
6867,train
6868,test
6869,train
687,train
6870,train
6871,train
6872,train
6873,train
6874,train
6875,train
6876,train
6877,train
6878,train
6879,train
688,train
6880,train
6881,train
6882,train
6883,train
6884,train
6885,train
6886,test
6887,test
6888,val
6889,train
689,train
6890,train
6891,test
6892,train
6893,train
6894,train
6895,train
6896,test
6897,train
6898,train
6899,train
69,train
690,train
6900,train
6901,train
6902,train
6903,train
6904,train
6905,val
6906,train
6907,train
6908,train
6909,train
691,train
6910,train
6911,train
6912,train
6913,val
6914,train
6915,train
6916,val
6917,train
6918,train
6919,test
692,train
6920,test
6921,train
6922,train
6923,train
6924,train
6925,train
6926,train
6927,train
6928,train
6929,train
693,train
6930,train
6931,train
6932,train
6933,test
6934,train
6935,train
6936,train
6937,test
6938,train
6939,train
694,train
6940,test
6941,train
6942,train
6943,train
6944,train
6945,test
6946,train
6947,train
6948,train
6949,train
695,train
6950,test
6951,train
6952,train
6953,train
6954,test
6955,train
6956,test
6957,train
6958,test
6959,test
696,val
6960,val
6961,train
6962,train
6963,train
6964,test
6965,train
6966,test
6967,train
6968,train
6969,train
697,train
6970,train
6971,train
6972,train
6973,test
6974,train
6975,train
6976,val
6977,train
6978,train
6979,train
698,train
6980,train
6981,train
6982,train
6983,train
6984,test
6985,train
6986,val
6987,train
6988,train
6989,train
6990,test
6991,train
6992,test
6993,train
6994,train
6995,train
6996,train
6997,val
6998,train
6999,test
7,val
70,train
700,train
7000,train
7001,train
7002,test
7003,train
7004,train
7005,test
7006,train
7007,train
7008,train
7009,train
701,val
7010,test
7011,train
7012,test
7013,train
7014,train
7015,val
7016,train
7017,val
7018,train
7019,train
702,train
7020,test
7021,train
7022,train
7023,train
7024,val
7025,train
7026,val
7027,train
7028,train
7029,train
703,train
7030,train
7031,test
7032,test
7033,val
7034,train
7035,train
7036,test
7037,test
7038,train
7039,train
704,train
7040,val
7041,train
7042,test
7043,train
7044,val
7045,test
7046,train
7047,train
7048,train
7049,train
705,train
7050,test
7051,train
7052,val
7053,train
7054,train
7055,test
7056,val
7057,test
7058,train
7059,train
706,train
7060,train
7061,train
7062,test
7063,train
7064,train
7065,train
7066,train
7067,train
7068,train
7069,train
707,train
7070,train
7071,train
7072,test
7073,test
7074,train
7075,train
7076,train
7077,train
7078,train
7079,train
708,train
7080,val
7081,train
7082,test
7083,train
7084,test
7085,train
7086,val
7087,test
7088,test
7089,train
709,train
7090,train
7091,train
7092,train
7093,train
7094,train
7095,test
7096,test
7097,val
7098,train
7099,train
71,train
710,train
7100,train
7101,train
7102,train
7103,train
7104,train
7105,train
7106,train
7107,train
7108,test
7109,train
711,train
7110,train
7111,test
7112,test
7113,train
7114,train
7115,train
7116,train
7117,train
7118,val
7119,train
712,train
7120,train
7121,test
7122,train
7123,train
7124,train
7125,train
7126,train
7127,train
7128,train
7129,train
713,train
7130,test
7131,train
7132,train
7133,val
7134,train
7135,train
7136,train
7137,train
7138,val
7139,train
714,train
7140,test
7141,train
7142,train
7143,train
7144,train
7145,train
7146,train
7147,train
7148,train
7149,train
7150,val
7151,train
7152,train
7153,train
7154,train
7155,test
7156,test
7157,val
7158,train
7159,train
716,train
7160,test
7161,train
7162,train
7163,train
7164,test
7165,train
7166,test
7167,train
7168,train
7169,train
7170,test
7171,train
7172,train
7173,train
7174,train
7175,train
7176,train
7177,train
7178,train
7179,test
718,train
7180,train
7181,train
7182,train
7183,train
7184,train
7185,test
7186,val
7187,train
7188,val
7189,test
719,train
7190,train
7191,val
7192,test
7193,test
7194,test
7195,train
7196,val
7197,train
7198,train
7199,train
72,train
7200,test
7201,train
7202,train
7203,train
7204,train
7205,train
7206,test
7207,train
7208,train
7209,train
721,train
7210,val
7211,train
7212,train
7213,test
7214,train
7215,train
7216,test
7217,train
7218,train
7219,train
722,train
7220,test
7221,train
7222,train
7223,train
7224,val
7225,train
7226,test
7227,train
7228,train
7229,val
723,train
7230,train
7231,train
7232,train
7233,val
7234,train
7235,test
7236,test
7237,train
7238,train
7239,test
724,train
7240,train
7241,test
7242,train
7243,train
7244,train
7245,test
7246,test
7247,train
7248,train
7249,train
725,train
7250,train
7251,test
7252,train
7253,train
7254,train
7255,train
7256,train
7257,val
7258,test
7259,train
726,train
7260,train
7261,train
7262,train
7263,val
7264,train
7265,train
7266,test
7267,train
7268,test
7269,test
7270,train
7271,train
7272,train
7273,test
7274,val
7275,train
7276,train
7277,train
7278,test
7279,train
728,train
7280,train
7281,train
7282,test
7283,train
7284,val
7285,train
7286,train
7287,val
7288,train
7289,train
729,train
7290,train
7291,train
7292,train
7293,train
7294,train
7295,train
7296,val
7297,train
7298,train
7299,train
73,train
7300,train
7301,test
7302,train
7303,train
7304,train
7305,train
7306,test
7307,test
7308,train
7309,train
731,val
7310,test
7311,train
7312,train
7313,train
7314,train
7315,val
7316,train
7317,train
7318,train
7319,train
732,train
7320,train
7321,train
7322,test
7323,test
7324,train
7325,test
7326,train
7327,test
7328,train
7329,train
733,train
7330,train
7331,train
7332,test
7333,train
7334,test
7335,train
7336,train
7337,train
7338,train
7339,train
734,train
7340,train
7341,train
7342,train
7343,train
7344,train
7345,train
7346,train
7347,train
7348,train
7349,train
7350,train
7351,test
7352,val
7353,val
7354,train
7355,train
7356,train
7357,train
7358,test
7359,train
7360,test
7361,train
7362,test
7363,train
7364,train
7365,train
7366,train
7367,train
7368,train
7369,train
7370,test
7371,train
7372,train
7373,test
7374,train
7375,train
7376,test
7377,train
7378,test
7379,train
7380,train
7381,train
7382,train
7383,train
7384,train
7385,train
7386,train
7387,train
7388,train
7389,train
739,train
7390,train
7391,train
7392,train
7393,val
7394,train
7395,test
7396,test
7397,test
7398,train
7399,train
740,train
7400,train
7401,train
7402,train
7403,train
7404,train
7405,train
7406,train
7407,test
7408,train
7409,train
741,train
7410,train
7411,train
7412,train
7413,train
7414,train
7415,test
7416,train
7417,train
7418,train
7419,test
742,train
7420,train
7421,test
7422,train
7423,train
7424,train
7425,train
7426,train
7427,train
7428,train
7429,test
743,train
7430,test
7431,train
7432,train
7433,train
7434,train
7435,train
7436,train
7437,train
7438,test
7439,test
744,train
7440,train
7441,train
7442,train
7443,train
7444,train
7445,val
7446,train
7447,train
7448,train
7449,train
745,train
7450,train
7451,train
7452,train
7453,test
7454,train
7455,train
7456,train
7457,train
7458,train
7459,test
746,train
7460,train
7461,train
7462,test
7463,train
7464,train
7465,train
7466,train
7467,train
7468,test
7469,train
747,train
7470,train
7471,train
7472,train
7473,test
7474,train
7475,train
7476,train
7477,test
7478,train
7479,train
748,train
7480,train
7481,train
7482,train
7483,test
7484,train
7485,train
7486,train
7487,train
7488,test
7489,test
749,train
7490,train
7491,train
7492,train
7493,train
7494,train
7495,test
7496,train
7497,test
7498,train
7499,train
75,val
750,train
7500,train
7501,val
7502,train
7503,train
7504,train
7505,train
7506,train
7507,train
7508,train
7509,train
751,train
7510,test
7511,val
7512,train
7513,train
7514,train
7515,train
7516,train
7517,test
7518,test
7519,train
7520,train
7521,train
7522,train
7523,train
7524,train
7525,train
7526,train
7527,train
7528,train
7529,val
7530,train
7531,train
7532,train
7533,test
7534,train
7535,train
7536,test
7537,val
7538,train
7539,train
754,train
7540,train
7541,train
7542,train
7543,train
7544,train
7545,test
7546,train
7547,train
7548,test
7549,train
7550,train
7551,train
7552,train
7553,test
7554,train
7555,train
7556,train
7557,test
7558,train
7559,train
7560,train
7561,train
7562,train
7563,train
7564,train
7565,train
7566,test
7567,test
7568,test
7569,train
757,train
7570,test
7571,train
7572,train
7573,test
7574,train
7575,train
7576,train
7577,val
7578,train
7579,test
758,train
7580,train
7581,train
7582,train
7583,val
7584,train
7585,test
7586,train
7587,val
7588,train
7589,train
7590,test
7591,train
7592,test
7593,val
7594,train
7595,train
7596,train
7597,train
7598,test
7599,train
760,train
7600,train
7601,train
7602,train
7603,test
7604,train
7605,train
7606,train
7607,test
7608,val
7609,train
7610,train
7611,train
7612,train
7613,val
7614,train
7615,train
7616,val
7617,train
7618,test
7619,train
762,train
7620,test
7621,val
7622,train
7623,train
7624,train
7625,test
7626,train
7627,val
7628,train
7629,train
763,train
7630,val
7631,train
7632,train
7633,train
7634,train
7635,train
7636,train
7637,val
7638,train
7639,test
764,val
7640,train
7641,train
7642,train
7643,train
7644,train
7645,train
7646,train
7647,train
7648,train
7649,train
765,train
7650,train
7651,train
7652,test
7653,train
7654,val
7655,train
7656,train
7657,train
7658,test
7659,train
766,train
7660,train
7661,test
7662,test
7663,val
7664,test
7665,train
7666,train
7667,val
7668,train
7669,test
7670,train
7671,train
7672,train
7673,train
7674,train
7675,train
7676,train
7677,train
7678,train
7679,test
768,train
7680,train
7681,test
7682,val
7683,train
7684,train
7685,train
7686,val
7687,train
7688,train
7689,test
769,train
7690,train
7691,train
7692,train
7693,train
7694,train
7695,train
7696,train
7697,train
7698,test
7699,train
77,train
770,train
7700,val
7701,val
7702,train
7703,train
7704,train
7705,train
7706,test
7707,test
7708,val
7709,train
771,val
7710,train
7711,train
7712,test
7713,train
7714,test
7715,train
7716,val
7717,train
7718,train
7719,train
772,train
7720,train
7721,val
7722,train
7723,train
7724,train
7725,val
7726,train
7727,test
7728,train
7729,test
773,train
7730,train
7731,train
7732,train
7733,train
7734,train
7735,train
7736,test
7737,train
7738,train
7739,train
7740,train
7741,train
7742,train
7743,train
7744,train
7745,test
7746,train
7747,train
7748,val
7749,train
775,train
7750,train
7751,train
7752,test
7753,test
7754,train
7755,train
7756,train
7757,train
7758,train
7759,train
7760,test
7761,test
7762,train
7763,train
7764,train
7765,train
7766,train
7767,train
7768,train
7769,train
7770,train
7771,val
7772,train
7773,train
7774,val
7775,train
7776,test
7777,train
7778,test
7779,val
778,train
7780,train
7781,train
7782,train
7783,train
7784,train
7785,train
7786,train
7787,train
7788,train
7789,test
779,train
7790,train
7791,test
7792,train
7793,test
7794,train
7795,val
7796,train
7797,train
7798,train
7799,train
78,train
7800,train
7801,train
7802,train
7803,train
7804,train
7805,train
7806,test
7807,test
7808,train
7809,train
781,train
7810,train
7811,val
7812,train
7813,test
7814,train
7815,train
7816,test
7817,train
7818,train
7819,train
782,train
7820,train
7821,train
7822,test
7823,test
7824,test
7825,train
7826,train
7827,train
7828,train
7829,train
7830,test
7831,test
7832,train
7833,train
7834,train
7835,train
7836,val
7837,train
7838,train
7839,train
784,train
7840,train
7841,test
7842,train
7843,train
7844,val
7845,train
7846,train
7847,train
7848,test
7849,train
785,train
7850,train
7851,train
7852,val
7853,train
7854,test
7855,train
7856,train
7857,train
7858,train
7859,test
7860,train
7861,train
7862,test
7863,train
7864,train
7865,train
7866,train
7867,train
7868,test
7869,train
7870,train
7871,train
7872,train
7873,train
7874,train
7875,train
7876,test
7877,train
7878,train
7879,train
7880,train
7881,train
7882,train
7883,test
7884,train
7885,train
7886,test
7887,train
7888,test
7889,test
789,train
7890,train
7891,train
7892,train
7893,train
7894,test
7895,train
7896,train
7897,train
7898,train
7899,train
79,train
790,train
7900,test
7901,train
7902,test
7903,train
7904,train
7905,train
7906,train
7907,train
7908,test
7909,train
7910,test
7911,train
7912,test
7913,train
7914,train
7915,train
7916,train
7917,train
7918,train
7919,train
792,train
7920,train
7921,test
7922,train
7923,train
7924,train
7925,train
7926,train
7927,train
7928,train
7929,train
7930,train
7931,train
7932,train
7933,train
7934,train
7935,train
7936,train
7937,train
7938,train
7939,train
794,train
7940,train
7941,train
7942,test
7943,train
7944,train
7945,train
7946,val
7947,train
7948,train
7949,val
795,train
7950,train
7951,train
7952,train
7953,train
7954,test
7955,train
7956,train
7957,train
7958,test
7959,val
7960,train
7961,train
7962,val
7963,train
7964,train
7965,val
7966,train
7967,train
7968,train
7969,val
7970,train
7971,train
7972,train
7973,train
7974,train
7975,train
7976,train
7977,train
7978,train
7979,train
798,train
7980,train
7981,train
7982,test
7983,train
7984,train
7985,train
7986,test
7987,train
7988,test
7989,train
799,train
7990,test
7991,train
7992,train
7993,train
7994,train
7995,train
7996,train
7997,train
7998,train
7999,train
8,train
80,val
800,train
8000,train
8001,train
8002,train
8003,train
8004,test
8005,test
8006,train
8007,train
8008,train
8009,train
801,train
8010,train
8011,train
8012,train
8013,train
8014,train
8015,test
8016,train
8017,test
8018,train
8019,val
802,val
8020,train
8021,train
8022,train
8023,train
8024,train
8025,train
8026,train
8027,test
8028,train
8029,train
803,train
8030,train
8031,val
8032,train
8033,train
8034,train
8035,train
8036,train
8037,val
8038,train
8039,train
804,train
8040,val
8041,test
8042,train
8043,train
8044,train
8045,train
8046,train
8047,train
8048,train
8049,test
805,train
8050,test
8051,train
8052,test
8053,train
8054,train
8055,train
8056,train
8057,test
8058,train
8059,train
806,train
8060,val
8061,train
8062,test
8063,train
8064,train
8065,train
8066,train
8067,train
8068,val
8069,train
807,train
8070,train
8071,train
8072,train
8073,val
8074,train
8075,train
8076,train
8077,train
8078,train
8079,train
808,train
8080,train
8081,train
8082,train
8083,train
8084,train
8085,test
8086,train
8087,val
8088,val
8089,train
809,train
8090,train
8091,train
8092,train
8093,train
8094,train
8095,train
8096,train
8097,train
8098,test
8099,train
81,train
810,train
8100,train
8101,test
8102,test
8103,train
8104,train
8105,test
8106,train
8107,train
8108,train
8109,train
811,train
8110,test
8111,train
8112,train
8113,train
8114,test
8115,train
8116,train
8117,test
8118,train
8119,train
812,train
8120,train
8121,train
8122,train
8123,train
8124,test
8125,test
8126,train
8127,train
8128,train
8129,val
8130,train
8131,test
8132,train
8133,train
8134,val
8135,train
8136,val
8137,train
8138,train
8139,train
814,train
8140,train
8141,val
8142,train
8143,train
8144,test
8145,train
8146,test
8147,train
8148,val
8149,train
815,train
8150,train
8151,train
8152,test
8153,train
8154,test
8155,train
8156,train
8157,train
8158,val
8159,train
816,train
8160,val
8161,test
8162,train
8163,train
8164,test
8165,train
8166,train
8167,train
8168,train
8169,test
817,train
8170,train
8171,train
8172,train
8173,val
8174,train
8175,train
8176,train
8177,train
8178,train
8179,train
818,train
8180,train
8181,train
8182,train
8183,train
8184,train
8185,val
8186,train
8187,train
8188,test
8189,val
819,val
8190,train
8191,test
8192,train
8193,train
8194,train
8195,train
8196,train
8197,train
8198,train
8199,train
82,train
820,train
8200,train
8201,test
8202,train
8203,train
8204,test
8205,train
8206,train
8207,train
8208,train
8209,train
821,train
8210,train
8211,train
8212,train
8213,train
8214,test
8215,test
8216,train
8217,train
8218,train
8219,train
8220,train
8221,train
8222,train
8223,train
8224,train
8225,train
8226,train
8227,train
8228,train
8229,train
823,train
8230,train
8231,test
8232,train
8233,train
8234,test
8235,test
8236,train
8237,train
8238,train
8239,train
824,train
8240,train
8241,test
8242,train
8243,train
8244,test
8245,test
8246,test
8247,train
8248,train
8249,train
825,train
8250,train
8251,train
8252,train
8253,train
8254,val
8255,test
8256,train
8257,train
8258,train
8259,test
826,train
8260,test
8261,val
8262,val
8263,test
8264,val
8265,test
8266,test
8267,test
8268,train
8269,train
827,train
8270,train
8271,train
8272,train
8273,train
8274,train
8275,train
8276,train
8277,train
8278,train
8279,test
8280,test
8281,train
8282,train
8283,train
8284,train
8285,train
8286,train
8287,test
8288,train
8289,train
829,train
8290,train
8291,train
8292,train
8293,train
8294,train
8295,test
8296,test
8297,test
8298,val
8299,train
83,train
8300,val
8301,test
8302,train
8303,train
8304,train
8305,train
8306,train
8307,test
8308,test
8309,test
831,train
8310,val
8311,train
8312,train
8313,train
8314,train
8315,train
8316,train
8317,test
8318,train
8319,train
8320,train
8321,test
8322,test
8323,test
8324,train
8325,train
8326,train
8327,train
8328,train
8329,train
833,train
8330,test
8331,val
8332,train
8333,train
8334,val
8335,train
8336,train
8337,test
8338,train
8339,train
834,val
8340,train
8341,train
8342,train
8343,train
8344,test
8345,train
8346,train
8347,val
8348,train
8349,train
8350,train
8351,test
8352,train
8353,train
8354,train
8355,test
8356,train
8357,val
8358,train
8359,test
8360,train
8361,train
8362,train
8363,val
8364,train
8365,train
8366,train
8367,test
8368,train
8369,test
837,train
8370,train
8371,train
8372,train
8373,test
8374,train
8375,train
8376,train
8377,train
8378,train
8379,train
838,train
8380,train
8381,test
8382,train
8383,train
8384,test
8385,train
8386,train
8387,train
8388,train
8389,val
839,train
8390,train
8391,val
8392,train
8393,train
8394,train
8395,test
8396,train
8397,train
8398,train
8399,train
84,val
8400,val
8401,train
8402,train
8403,train
8404,train
8405,train
8406,test
8407,train
8408,train
8409,train
841,train
8410,test
8411,train
8412,train
8413,train
8414,test
8415,test
8416,test
8417,train
8418,train
8419,train
8420,test
8421,test
8422,train
8423,train
8424,train
8425,test
8426,train
8427,train
8428,train
8429,train
843,train
8430,train
8431,train
8432,train
8433,val
8434,val
8435,test
8436,train
8437,train
8438,train
8439,train
844,val
8440,train
8441,train
8442,train
8443,train
8444,train
8445,test
8446,test
8447,train
8448,train
8449,train
845,train
8450,test
8451,train
8452,train
8453,train
8454,val
8455,test
8456,train
8457,train
8458,train
8459,test
846,train
8460,train
8461,train
8462,val
8463,test
8464,train
8465,train
8466,val
8467,train
8468,train
8469,train
847,train
8470,train
8471,train
8472,train
8473,train
8474,train
8475,train
8476,test
8477,test
8478,train
8479,test
848,train
8480,test
8481,train
8482,train
8483,train
8484,val
8485,train
8486,val
8487,train
8488,train
8489,test
8490,train
8491,test
8492,train
8493,train
8494,train
8495,test
8496,test
8497,train
8498,train
8499,test
85,train
850,train
8500,val
8501,train
8502,train
8503,train
8504,train
8505,test
8506,train
8507,train
8508,train
8509,train
8510,train
8511,train
8512,train
8513,val
8514,train
8515,val
8516,train
8517,train
8518,val
8519,train
852,train
8520,test
8521,val
8522,test
8523,train
8524,train
8525,test
8526,train
8527,test
8528,val
8529,val
853,train
8530,val
8531,train
8532,train
8533,test
8534,train
8535,train
8536,train
8537,test
8538,val
8539,train
8540,train
8541,test
8542,test
8543,train
8544,train
8545,train
8546,train
8547,train
8548,train
8549,train
855,train
8550,train
8551,val
8552,train
8553,train
8554,test
8555,train
8556,test
8557,train
8558,train
8559,train
856,train
8560,train
8561,test
8562,train
8563,train
8564,train
8565,test
8566,train
8567,train
8568,val
8569,test
857,train
8570,train
8571,test
8572,test
8573,train
8574,train
8575,train
8576,train
8577,test
8578,train
8579,train
858,train
8580,train
8581,train
8582,train
8583,train
8584,train
8585,test
8586,train
8587,train
8588,val
8589,test
8590,train
8591,train
8592,val
8593,train
8594,train
8595,train
8596,train
8597,train
8598,val
8599,train
86,train
860,train
8600,train
8601,train
8602,train
8603,train
8604,train
8605,test
8606,train
8607,train
8608,train
8609,train
861,train
8610,train
8611,test
8612,train
8613,train
8614,train
8615,train
8616,train
8617,train
8618,train
8619,train
862,train
8620,test
8621,test
8622,train
8623,train
8624,test
8625,test
8626,train
8627,train
8628,train
8629,train
863,train
8630,test
8631,train
8632,train
8633,test
8634,test
8635,test
8636,train
8637,train
8638,val
8639,train
864,train
8640,train
8641,train
8642,train
8643,train
8644,train
8645,train
8646,train
8647,train
8648,train
8649,train
865,train
8650,train
8651,val
8652,train
8653,train
8654,train
8655,train
8656,train
8657,test
8658,train
8659,test
866,train
8660,train
8661,train
8662,test
8663,train
8664,train
8665,val
8666,train
8667,train
8668,train
8669,train
867,train
8670,train
8671,val
8672,val
8673,test
8674,train
8675,train
8676,train
8677,train
8678,train
8679,train
868,val
8680,train
8681,train
8682,train
8683,train
8684,train
8685,train
8686,train
8687,train
8688,train
8689,train
869,val
8690,train
8691,train
8692,train
8693,val
8694,test
8695,train
8696,train
8697,train
8698,test
8699,train
87,train
8700,train
8701,train
8702,train
8703,train
8704,train
8705,train
8706,train
8707,train
8708,train
8709,test
871,train
8710,train
8711,train
8712,train
8713,test
8714,test
8715,test
8716,train
8717,test
8718,train
8719,train
872,train
8720,train
8721,train
8722,train
8723,train
8724,train
8725,train
8726,test
8727,train
8728,test
8729,train
873,train
8730,train
8731,test
8732,train
8733,train
8734,test
8735,train
8736,test
8737,train
8738,train
8739,train
874,train
8740,train
8741,val
8742,train
8743,train
8744,train
8745,test
8746,train
8747,train
8748,train
8749,train
8750,train
8751,train
8752,test
8753,train
8754,train
8755,train
8756,train
8757,test
8758,train
8759,train
876,train
8760,test
8761,train
8762,train
8763,train
8764,train
8765,val
8766,train
8767,train
8768,train
8769,val
8770,train
8771,test
8772,train
8773,train
8774,test
8775,test
8776,train
8777,test
8778,train
8779,train
878,train
8780,val
8781,train
8782,train
8783,train
8784,train
8785,train
8786,test
8787,test
8788,train
8789,test
879,train
8790,train
8791,train
8792,val
8793,test
8794,train
8795,train
8796,train
8797,train
8798,train
8799,train
88,train
8800,train
8801,train
8802,train
8803,train
8804,train
8805,train
8806,test
8807,train
8808,train
8809,train
881,train
8810,train
8811,train
8812,train
8813,train
8814,test
8815,train
8816,val
8817,train
8818,val
8819,train
882,train
8820,train
8821,test
8822,test
8823,train
8824,train
8825,train
8826,train
8827,train
8828,test
8829,train
883,train
8830,train
8831,val
8832,train
8833,train
8834,train
8835,train
8836,train
8837,val
8838,train
8839,train
884,train
8840,train
8841,test
8842,train
8843,train
8844,train
8845,train
8846,train
8847,train
8848,val
8849,train
885,val
8850,train
8851,val
8852,train
8853,test
8854,train
8855,train
8856,train
8857,train
8858,train
8859,train
886,train
8860,train
8861,test
8862,train
8863,train
8864,train
8865,train
8866,train
8867,train
8868,train
8869,test
8870,test
8871,test
8872,train
8873,test
8874,train
8875,train
8876,train
8877,train
8878,train
8879,train
888,train
8880,test
8881,train
8882,train
8883,train
8884,train
8885,train
8886,train
8887,train
8888,train
8889,train
889,train
8890,test
8891,train
8892,train
8893,train
8894,train
8895,test
8896,train
8897,train
8898,train
8899,val
89,train
890,train
8900,train
8901,test
8902,test
8903,train
8904,train
8905,train
8906,train
8907,train
8908,train
8909,train
891,train
8910,train
8911,train
8912,test
8913,test
8914,val
8915,train
8916,train
8917,test
8918,test
8919,train
892,train
8920,train
8921,train
8922,train
8923,train
8924,test
8925,train
8926,train
8927,train
8928,train
8929,val
8930,train
8931,test
8932,train
8933,val
8934,train
8935,train
8936,test
8937,train
8938,train
8939,train
894,train
8940,train
8941,train
8942,train
8943,train
8944,train
8945,test
8946,train
8947,train
8948,test
8949,train
895,train
8950,train
8951,test
8952,train
8953,train
8954,train
8955,val
8956,train
8957,train
8958,train
8959,train
896,train
8960,train
8961,test
8962,train
8963,test
8964,train
8965,test
8966,train
8967,train
8968,train
8969,train
897,train
8970,train
8971,train
8972,train
8973,train
8974,train
8975,train
8976,train
8977,train
8978,test
8979,train
898,train
8980,train
8981,train
8982,train
8983,train
8984,test
8985,test
8986,test
8987,train
8988,train
8989,train
899,train
8990,train
8991,train
8992,train
8993,train
8994,train
8995,train
8996,train
8997,val
8998,train
8999,train
9,train
90,train
900,train
9000,train
9001,train
9002,val
9003,train
9004,train
9005,test
9006,val
9007,train
9008,test
9009,train
901,train
9010,test
9011,train
9012,train
9013,train
9014,test
9015,train
9016,train
9017,train
9018,test
9019,train
902,train
9020,train
9021,train
9022,train
9023,train
9024,train
9025,test
9026,train
9027,train
9028,train
9029,train
903,train
9030,train
9031,train
9032,train
9033,train
9034,train
9035,train
9036,val
9037,train
9038,train
9039,train
904,train
9040,train
9041,train
9042,train
9043,train
9044,train
9045,train
9046,train
9047,train
9048,val
9049,test
905,train
9050,train
9051,train
9052,train
9053,test
9054,train
9055,train
9056,train
9057,train
9058,test
9059,train
906,val
9060,test
9061,train
9062,test
9063,test
9064,train
9065,train
9066,train
9067,train
9068,train
9069,train
907,val
9070,train
9071,train
9072,train
9073,test
9074,val
9075,train
9076,train
9077,train
9078,test
9079,train
908,train
9080,train
9081,train
9082,train
9083,test
9084,train
9085,train
9086,test
9087,train
9088,test
9089,train
909,train
9090,train
9091,train
9092,train
9093,train
9094,train
9095,train
9096,test
9097,train
9098,test
9099,train
91,val
910,train
9100,train
9101,train
9102,test
9103,train
9104,test
9105,test
9106,train
9107,train
9108,train
9109,train
911,train
9110,val
9111,train
9112,train
9113,train
9114,train
9115,train
9116,train
9117,train
9118,train
9119,train
912,train
9120,train
9121,test
9122,train
9123,train
9124,test
9125,test
9126,train
9127,train
9128,test
9129,test
9130,train
9131,test
9132,train
9133,train
9134,train
9135,val
9136,train
9137,train
9138,train
9139,test
9140,train
9141,train
9142,train
9143,train
9144,train
9145,train
9146,test
9147,val
9148,val
9149,test
9150,train
9151,train
9152,train
9153,train
9154,train
9155,train
9156,train
9157,train
9158,train
9159,train
9160,train
9161,train
9162,test
9163,test
9164,val
9165,train
9166,train
9167,train
9168,train
9169,test
9170,test
9171,train
9172,train
9173,test
9174,train
9175,train
9176,train
9177,train
9178,test
9179,val
918,train
9180,train
9181,train
9182,val
9183,train
9184,train
9185,train
9186,train
9187,train
9188,train
9189,train
919,val
9190,train
9191,test
9192,train
9193,test
9194,test
9195,train
9196,val
9197,train
9198,train
9199,train
92,train
920,train
9200,train
9201,train
9202,train
9203,test
9204,train
9205,train
9206,train
9207,train
9208,train
9209,train
9210,train
9211,train
9212,train
9213,train
9214,val
9215,test
9216,train
9217,test
9218,test
9219,train
922,train
9220,train
9221,train
9222,train
9223,train
9224,val
9225,val
9226,train
9227,train
9228,train
9229,test
923,train
9230,train
9231,train
9232,test
9233,train
9234,val
9235,train
9236,train
9237,train
9238,train
9239,test
924,train
9240,train
9241,val
9242,train
9243,train
9244,test
9245,train
9246,test
9247,train
9248,train
9249,train
925,train
9250,test
9251,train
9252,train
9253,train
9254,train
9255,test
9256,test
9257,train
9258,train
9259,val
926,train
9260,test
9261,train
9262,test
9263,train
9264,val
9265,train
9266,val
9267,train
9268,test
9269,train
927,train
9270,train
9271,test
9272,train
9273,train
9274,test
9275,test
9276,test
9277,train
9278,train
9279,train
9280,train
9281,train
9282,train
9283,test
9284,test
9285,val
9286,test
9287,train
9288,val
9289,train
929,train
9290,train
9291,train
9292,test
9293,train
9294,train
9295,train
9296,val
9297,train
9298,test
9299,train
93,train
930,train
9300,val
9301,test
9302,train
9303,train
9304,train
9305,train
9306,train
9307,train
9308,train
9309,train
931,train
9310,test
9311,train
9312,train
9313,val
9314,test
9315,train
9316,train
9317,train
9318,val
9319,test
932,train
9320,train
9321,train
9322,val
9323,train
9324,test
9325,train
9326,train
9327,train
9328,test
9329,train
933,train
9330,train
9331,train
9332,test
9333,val
9334,train
9335,train
9336,train
9337,train
9338,train
9339,train
934,val
9340,train
9341,train
9342,test
9343,test
9344,train
9345,test
9346,val
9347,train
9348,train
9349,test
935,train
9350,train
9351,train
9352,train
9353,train
9354,val
9355,test
9356,train
9357,train
9358,train
9359,train
936,train
9360,train
9361,train
9362,train
9363,train
9364,train
9365,val
9366,train
9367,test
9368,train
9369,test
9370,train
9371,train
9372,train
9373,train
9374,train
9375,train
9376,train
9377,test
9378,train
9379,test
938,train
9380,train
9381,train
9382,train
9383,val
9384,test
9385,train
9386,test
9387,train
9388,train
9389,train
939,train
9390,train
9391,train
9392,test
9393,train
9394,test
9395,val
9396,val
9397,train
9398,train
9399,train
94,train
940,train
9400,test
9401,train
9402,test
9403,test
9404,train
9405,val
9406,train
9407,test
9408,train
9409,test
941,train
9410,train
9411,test
9412,train
9413,train
9414,train
9415,train
9416,val
9417,train
9418,val
9419,train
942,val
9420,train
9421,train
9422,train
9423,train
9424,train
9425,train
9426,train
9427,train
9428,test
9429,val
943,train
9430,train
9431,val
9432,train
9433,train
9434,train
9435,train
9436,train
9437,train
9438,train
9439,train
9440,train
9441,train
9442,train
9443,test
9444,train
9445,test
9446,train
9447,train
9448,train
9449,train
945,train
9450,train
9451,train
9452,train
9453,test
9454,test
9455,train
9456,test
9457,train
9458,val
9459,val
946,train
9460,train
9461,train
9462,train
9463,test
9464,train
9465,train
9466,test
9467,train
9468,val
9469,train
9470,train
9471,train
9472,test
9473,train
9474,train
9475,train
9476,train
9477,train
9478,train
9479,train
948,train
9480,train
9481,test
9482,train
9483,train
9484,train
9485,val
9486,train
9487,train
9488,train
9489,test
9490,train
9491,train
9492,val
9493,train
9494,test
9495,test
9496,test
9497,test
9498,train
9499,test
95,train
950,train
9500,train
9501,train
9502,train
9503,val
9504,train
9505,train
9506,train
9507,train
9508,test
9509,train
951,train
9510,test
9511,test
9512,train
9513,train
9514,train
9515,val
9516,train
9517,val
9518,train
9519,train
952,train
9520,train
9521,train
9522,train
9523,train
9524,train
9525,train
9526,train
9527,train
9528,train
9529,train
9530,train
9531,train
9532,train
9533,train
9534,train
9535,train
9536,train
9537,val
9538,train
9539,train
954,val
9540,train
9541,test
9542,train
9543,train
9544,train
9545,train
9546,train
9547,train
9548,train
9549,test
955,train
9550,test
9551,train
9552,train
9553,train
9554,train
9555,train
9556,train
9557,train
9558,train
9559,test
956,train
9560,train
9561,train
9562,train
9563,train
9564,train
9565,train
9566,train
9567,train
9568,train
9569,train
9570,train
9571,val
9572,train
9573,train
9574,train
9575,train
9576,train
9577,train
9578,val
9579,train
958,train
9580,train
9581,train
9582,val
9583,test
9584,test
9585,test
9586,val
9587,train
9588,train
9589,train
959,val
9590,train
9591,val
9592,train
9593,train
9594,train
9595,train
9596,test
9597,train
9598,train
9599,train
96,val
960,train
9600,test
9601,train
9602,train
9603,test
9604,train
9605,train
9606,train
9607,train
9608,train
9609,train
961,train
9610,val
9611,val
9612,train
9613,train
9614,train
9615,train
9616,train
9617,train
9618,train
9619,train
962,train
9620,train
9621,test
9622,train
9623,train
9624,val
9625,train
9626,train
9627,train
9628,train
9629,train
963,train
9630,train
9631,test
9632,test
9633,train
9634,train
9635,train
9636,train
9637,train
9638,train
9639,train
964,train
9640,train
9641,train
9642,train
9643,train
9644,train
9645,test
9646,train
9647,test
9648,train
9649,val
9650,val
9651,train
9652,train
9653,test
9654,train
9655,train
9656,train
9657,train
9658,val
9659,train
966,val
9660,train
9661,train
9662,val
9663,train
9664,train
9665,train
9666,train
9667,train
9668,train
9669,train
967,train
9670,train
9671,train
9672,train
9673,test
9674,train
9675,train
9676,train
9677,train
9678,train
9679,train
968,val
9680,test
9681,train
9682,train
9683,train
9684,test
9685,train
9686,val
9687,train
9688,train
9689,train
969,train
9690,test
9691,train
9692,test
9693,train
9694,train
9695,train
9696,test
9697,val
9698,train
9699,train
970,train
9700,train
9701,train
9702,test
9703,train
9704,test
9705,train
9706,train
9707,train
9708,test
9709,train
9710,test
9711,train
9712,train
9713,test
9714,test
9715,test
9716,train
9717,test
9718,train
9719,val
972,train
9720,train
9721,train
9722,train
9723,train
9724,train
9725,train
9726,train
9727,test
9728,test
9729,train
973,train
9730,train
9731,train
9732,test
9733,train
9734,train
9735,test
9736,train
9737,test
9738,train
9739,test
974,train
9740,train
9741,train
9742,train
9743,train
9744,train
9745,train
9746,test
9747,train
9748,train
9749,train
975,train
9750,train
9751,test
9752,train
9753,test
9754,train
9755,test
9756,train
9757,train
9758,train
9759,train
976,train
9760,test
9761,test
9762,test
9763,test
9764,test
9765,train
9766,train
9767,train
9768,test
9769,test
977,train
9770,train
9771,train
9772,train
9773,test
9774,val
9775,train
9776,train
9777,train
9778,train
9779,train
9780,train
9781,train
9782,train
9783,train
9784,test
9785,train
9786,train
9787,train
9788,train
9789,val
979,train
9790,train
9791,train
9792,train
9793,val
9794,train
9795,train
9796,train
9797,train
9798,test
9799,test
98,train
980,train
9800,test
9801,test
9802,train
9803,train
9804,train
9805,train
9806,train
9807,test
9808,train
9809,train
9810,train
9811,train
9812,test
9813,test
9814,train
9815,train
9816,train
9817,val
9818,train
9819,train
9820,train
9821,train
9822,val
9823,train
9824,test
9825,val
9826,train
9827,test
9828,train
9829,train
983,train
9830,train
9831,test
9832,test
9833,train
9834,train
9835,val
9836,train
9837,train
9838,train
9839,train
9840,train
9841,test
9842,train
9843,train
9844,train
9845,train
9846,train
9847,train
9848,train
9849,test
985,train
9850,train
9851,train
9852,test
9853,train
9854,train
9855,train
9856,test
9857,test
9858,train
9859,test
9860,train
9861,train
9862,train
9863,train
9864,test
9865,train
9866,train
9867,train
9868,val
9869,test
987,train
9870,test
9871,train
9872,train
9873,train
9874,test
9875,test
9876,train
9877,train
9878,train
9879,train
988,train
9880,train
9881,train
9882,train
9883,test
9884,train
9885,train
9886,train
9887,train
9888,train
9889,test
989,train
9890,test
9891,train
9892,train
9893,train
9894,train
9895,train
9896,train
9897,train
9898,test
9899,train
99,train
990,train
9900,train
9901,train
9902,train
9903,train
9904,train
9905,train
9906,train
9907,train
9908,train
9909,test
991,train
9910,train
9911,train
9912,train
9913,train
9914,train
9915,train
9916,train
9917,test
9918,train
9919,train
992,train
9920,train
9921,train
9922,train
9923,train
9924,val
9925,train
9926,val
9927,train
9928,test
9929,test
993,train
9930,train
9931,train
9932,train
9933,train
9934,train
9935,train
9936,train
9937,val
9938,train
9939,train
994,train
9940,train
9941,test
9942,train
9943,train
9944,train
9945,train
9946,train
9947,train
9948,train
9949,train
995,train
9950,train
9951,train
9952,train
9953,train
9954,train
9955,train
9956,train
9957,train
9958,train
9959,train
996,train
9960,train
9961,val
9962,train
9963,train
9964,test
9965,val
9966,train
9967,train
9968,train
9969,train
997,train
9970,train
9971,train
9972,train
9973,train
9974,train
9975,train
9976,test
9977,test
9978,train
9979,train
998,train
9980,test
9981,train
9982,train
9983,test
9984,train
9985,test
9986,train
9987,train
9988,test
9989,train
999,train
9990,train
9991,val
9992,test
9993,train
9994,test
9995,val
9996,train
9997,val
9998,train
9999,val
